AUDIT_DECLARATION _private.GaussianRank.0._proof_2
AUDIT_DECLARATION _private.GaussianRank.0._proof_3
AUDIT_DECLARATION _private.RevisionMatrixEntropy.0._proof_1
AUDIT_DECLARATION _private.RevisionTraceDuality.0._proof_4
AUDIT_DECLARATION AntisymmetricVerification.SubsetIndex
AUDIT_DECLARATION AntisymmetricVerification.TensorIndex
AUDIT_DECLARATION AntisymmetricVerification.TensorVector
AUDIT_DECLARATION AntisymmetricVerification.actual_antisymmetric_minimum_output_entropy_limit
AUDIT_DECLARATION AntisymmetricVerification.allLegs
AUDIT_DECLARATION AntisymmetricVerification.allLegs_pureTensor
AUDIT_DECLARATION AntisymmetricVerification.allLegs_slater
AUDIT_DECLARATION AntisymmetricVerification.allLegs_sum_smul
AUDIT_DECLARATION AntisymmetricVerification.alternating
AUDIT_DECLARATION AntisymmetricVerification.alternatingSpace
AUDIT_DECLARATION AntisymmetricVerification.alternating_expansion_vector
AUDIT_DECLARATION AntisymmetricVerification.alternating_slater_expansion
AUDIT_DECLARATION AntisymmetricVerification.alternating_sum_smul
AUDIT_DECLARATION AntisymmetricVerification.alternating_zero_of_not_injective
AUDIT_DECLARATION AntisymmetricVerification.ancillaEmbedding
AUDIT_DECLARATION AntisymmetricVerification.antisymMatrix
AUDIT_DECLARATION AntisymmetricVerification.antisymMatrixProduct
AUDIT_DECLARATION AntisymmetricVerification.antisymMatrixProduct_coset
AUDIT_DECLARATION AntisymmetricVerification.antisymMatrixProduct_coset_right
AUDIT_DECLARATION AntisymmetricVerification.antisymMatrixProduct_idempotent
AUDIT_DECLARATION AntisymmetricVerification.antisymMatrixProduct_isHermitian
AUDIT_DECLARATION AntisymmetricVerification.antisymMatrixProduct_mulVec
AUDIT_DECLARATION AntisymmetricVerification.antisymMatrixProduct_tail_left
AUDIT_DECLARATION AntisymmetricVerification.antisymMatrixProduct_tail_right
AUDIT_DECLARATION AntisymmetricVerification.antisymMatrix_enum_apply
AUDIT_DECLARATION AntisymmetricVerification.antisymMatrix_flip
AUDIT_DECLARATION AntisymmetricVerification.antisymMatrix_idempotent
AUDIT_DECLARATION AntisymmetricVerification.antisymMatrix_isHermitian
AUDIT_DECLARATION AntisymmetricVerification.antisymMatrix_mulVec
AUDIT_DECLARATION AntisymmetricVerification.antisymMatrix_mul_slaterIsometry
AUDIT_DECLARATION AntisymmetricVerification.antisymMatrix_mul_tensor_slater
AUDIT_DECLARATION AntisymmetricVerification.antisym_partialTrace_support
AUDIT_DECLARATION AntisymmetricVerification.antisymmetricBellEigenvalue
AUDIT_DECLARATION AntisymmetricVerification.antisymmetricBellEigenvalue_eq_bellNu
AUDIT_DECLARATION AntisymmetricVerification.antisymmetricChannel
AUDIT_DECLARATION AntisymmetricVerification.antisymmetricChannel_bell_entropy
AUDIT_DECLARATION AntisymmetricVerification.antisymmetricChannel_bell_entropy_asymptotics
AUDIT_DECLARATION AntisymmetricVerification.antisymmetricChannel_bell_gram
AUDIT_DECLARATION AntisymmetricVerification.antisymmetricChannel_bell_mulVec
AUDIT_DECLARATION AntisymmetricVerification.antisymmetricChannel_bell_weighted_gram
AUDIT_DECLARATION AntisymmetricVerification.antisymmetricChannel_completelyPositive
AUDIT_DECLARATION AntisymmetricVerification.antisymmetricChannel_continuous
AUDIT_DECLARATION AntisymmetricVerification.antisymmetricChannel_density
AUDIT_DECLARATION AntisymmetricVerification.antisymmetricChannel_eigenmatrix
AUDIT_DECLARATION AntisymmetricVerification.antisymmetricChannel_eigenmatrix_of_unitary
AUDIT_DECLARATION AntisymmetricVerification.antisymmetricChannel_entropy
AUDIT_DECLARATION AntisymmetricVerification.antisymmetricChannel_isotropic_eigenspace
AUDIT_DECLARATION AntisymmetricVerification.antisymmetricChannel_isotropic_entropy_ladder
AUDIT_DECLARATION AntisymmetricVerification.antisymmetricChannel_isotropic_gram
AUDIT_DECLARATION AntisymmetricVerification.antisymmetricChannel_isotropic_weighted_gram
AUDIT_DECLARATION AntisymmetricVerification.antisymmetricChannel_maximallyMixed
AUDIT_DECLARATION AntisymmetricVerification.antisymmetricChannel_of_unitaryDiagonal
AUDIT_DECLARATION AntisymmetricVerification.antisymmetricChannel_one
AUDIT_DECLARATION AntisymmetricVerification.antisymmetricChannel_product_formula
AUDIT_DECLARATION AntisymmetricVerification.antisymmetricChannel_quantumChannel
AUDIT_DECLARATION AntisymmetricVerification.antisymmetricChannel_restriction_conjugate
AUDIT_DECLARATION AntisymmetricVerification.antisymmetricChannel_tensor_formula
AUDIT_DECLARATION AntisymmetricVerification.antisymmetricChannel_tensor_one
AUDIT_DECLARATION AntisymmetricVerification.antisymmetricChannel_tracePreserving
AUDIT_DECLARATION AntisymmetricVerification.antisymmetricChannel_trace_hermitian
AUDIT_DECLARATION AntisymmetricVerification.antisymmetricChannel_unit_adjoint
AUDIT_DECLARATION AntisymmetricVerification.antisymmetricChannel_unit_gram
AUDIT_DECLARATION AntisymmetricVerification.antisymmetricChannel_unitaryDiagonal
AUDIT_DECLARATION AntisymmetricVerification.antisymmetric_bell_gram_identity
AUDIT_DECLARATION AntisymmetricVerification.antisymmetric_bell_normalization
AUDIT_DECLARATION AntisymmetricVerification.antisymmetric_body_infimum
AUDIT_DECLARATION AntisymmetricVerification.antisymmetric_choose_relation
AUDIT_DECLARATION AntisymmetricVerification.antisymmetric_entropy_continuousOn
AUDIT_DECLARATION AntisymmetricVerification.antisymmetric_partialTrace_ladder
AUDIT_DECLARATION AntisymmetricVerification.antisymmetric_spectralBody_entropy_image
AUDIT_DECLARATION AntisymmetricVerification.antisymmetrize
AUDIT_DECLARATION AntisymmetricVerification.antisymmetrize_add
AUDIT_DECLARATION AntisymmetricVerification.antisymmetrize_allLegs
AUDIT_DECLARATION AntisymmetricVerification.antisymmetrize_alternating
AUDIT_DECLARATION AntisymmetricVerification.antisymmetrize_coset_sum
AUDIT_DECLARATION AntisymmetricVerification.antisymmetrize_idempotent
AUDIT_DECLARATION AntisymmetricVerification.antisymmetrize_of_alternating
AUDIT_DECLARATION AntisymmetricVerification.antisymmetrize_oneLeg_eq
AUDIT_DECLARATION AntisymmetricVerification.antisymmetrize_oneLeg_formula
AUDIT_DECLARATION AntisymmetricVerification.antisymmetrize_recursion
AUDIT_DECLARATION AntisymmetricVerification.antisymmetrize_slater
AUDIT_DECLARATION AntisymmetricVerification.antisymmetrize_smul
AUDIT_DECLARATION AntisymmetricVerification.card_subsetIndex
AUDIT_DECLARATION AntisymmetricVerification.channel_normalization
AUDIT_DECLARATION AntisymmetricVerification.channel_slater_intertwining
AUDIT_DECLARATION AntisymmetricVerification.completelyPositive_posSemidef
AUDIT_DECLARATION AntisymmetricVerification.compressedTensorMap
AUDIT_DECLARATION AntisymmetricVerification.compressedTensorMap_completelyPositive
AUDIT_DECLARATION AntisymmetricVerification.compressed_allLegsMatrix
AUDIT_DECLARATION AntisymmetricVerification.compressed_leg_twirl
AUDIT_DECLARATION AntisymmetricVerification.compressed_matrixUnit_twirl
AUDIT_DECLARATION AntisymmetricVerification.compressed_oneLegMatrix_independent
AUDIT_DECLARATION AntisymmetricVerification.compressed_oneLeg_slater
AUDIT_DECLARATION AntisymmetricVerification.compressed_traceA_coset_sandwich
AUDIT_DECLARATION AntisymmetricVerification.compressed_traceA_two_swaps
AUDIT_DECLARATION AntisymmetricVerification.conjugateLinearMap
AUDIT_DECLARATION AntisymmetricVerification.cosetOperator
AUDIT_DECLARATION AntisymmetricVerification.cosetOperator_isHermitian
AUDIT_DECLARATION AntisymmetricVerification.coset_sandwich
AUDIT_DECLARATION AntisymmetricVerification.decompose_permute_index
AUDIT_DECLARATION AntisymmetricVerification.downCoordinates
AUDIT_DECLARATION AntisymmetricVerification.downCoordinates_eq_kraus
AUDIT_DECLARATION AntisymmetricVerification.eigenSlater
AUDIT_DECLARATION AntisymmetricVerification.eigenSlaterBasis
AUDIT_DECLARATION AntisymmetricVerification.eigenSlaterBasis_apply
AUDIT_DECLARATION AntisymmetricVerification.eigenSlaterInSpace
AUDIT_DECLARATION AntisymmetricVerification.eigenSlaterInSpace_linearIndependent
AUDIT_DECLARATION AntisymmetricVerification.eigenSlaterInSpace_spans
AUDIT_DECLARATION AntisymmetricVerification.eigenSlater_alternating
AUDIT_DECLARATION AntisymmetricVerification.eigenSlater_linearIndependent
AUDIT_DECLARATION AntisymmetricVerification.eigenSlater_span
AUDIT_DECLARATION AntisymmetricVerification.entrywiseConjugate_add
AUDIT_DECLARATION AntisymmetricVerification.entrywiseConjugate_one
AUDIT_DECLARATION AntisymmetricVerification.entrywiseConjugate_smul
AUDIT_DECLARATION AntisymmetricVerification.exteriorUnitary
AUDIT_DECLARATION AntisymmetricVerification.finrank_alternatingSpace
AUDIT_DECLARATION AntisymmetricVerification.firstTensorEquiv
AUDIT_DECLARATION AntisymmetricVerification.generator_in_product_coordinates
AUDIT_DECLARATION AntisymmetricVerification.gramEigenspaceEquiv
AUDIT_DECLARATION AntisymmetricVerification.gram_eigenspace_finrank
AUDIT_DECLARATION AntisymmetricVerification.gram_kernel
AUDIT_DECLARATION AntisymmetricVerification.gram_kronecker_rows
AUDIT_DECLARATION AntisymmetricVerification.gram_ladder_multiplicities
AUDIT_DECLARATION AntisymmetricVerification.gram_ladder_no_other_eigenvalues
AUDIT_DECLARATION AntisymmetricVerification.gram_ladder_surjective
AUDIT_DECLARATION AntisymmetricVerification.gram_surjective_of_posDef
AUDIT_DECLARATION AntisymmetricVerification.gram_zero_multiplicity
AUDIT_DECLARATION AntisymmetricVerification.hermitian_eigenspace_finrank_eq_count
AUDIT_DECLARATION AntisymmetricVerification.hermitian_eigenvalues_covered
AUDIT_DECLARATION AntisymmetricVerification.identity_ancilla_kraus
AUDIT_DECLARATION AntisymmetricVerification.krausSupermatrix
AUDIT_DECLARATION AntisymmetricVerification.krausSupermatrix_conjTranspose
AUDIT_DECLARATION AntisymmetricVerification.krausSupermatrix_conjTranspose_mulVec
AUDIT_DECLARATION AntisymmetricVerification.krausSupermatrix_mulVec
AUDIT_DECLARATION AntisymmetricVerification.kronecker_conjTranspose_matrix
AUDIT_DECLARATION AntisymmetricVerification.kronecker_multiply
AUDIT_DECLARATION AntisymmetricVerification.ladderMultiplicity
AUDIT_DECLARATION AntisymmetricVerification.ladderMultiplicity_cast_eq_dm
AUDIT_DECLARATION AntisymmetricVerification.ladderValue
AUDIT_DECLARATION AntisymmetricVerification.ladderValue_diag
AUDIT_DECLARATION AntisymmetricVerification.ladderValue_step
AUDIT_DECLARATION AntisymmetricVerification.ladderValue_step_pos
AUDIT_DECLARATION AntisymmetricVerification.ladderValue_strictAntiOn
AUDIT_DECLARATION AntisymmetricVerification.liftedAntisym
AUDIT_DECLARATION AntisymmetricVerification.liftedAntisym_isHermitian
AUDIT_DECLARATION AntisymmetricVerification.liftedAntisym_mulVec
AUDIT_DECLARATION AntisymmetricVerification.matrixRenyiEntropy_affine_spectrum
AUDIT_DECLARATION AntisymmetricVerification.matrixRenyiEntropy_by_multiplicity
AUDIT_DECLARATION AntisymmetricVerification.matrixUnit_conjTranspose
AUDIT_DECLARATION AntisymmetricVerification.matrixUnit_twirl
AUDIT_DECLARATION AntisymmetricVerification.matrixVec
AUDIT_DECLARATION AntisymmetricVerification.matrixVec_add
AUDIT_DECLARATION AntisymmetricVerification.matrixVec_injective
AUDIT_DECLARATION AntisymmetricVerification.matrixVec_smul
AUDIT_DECLARATION AntisymmetricVerification.matrix_eq_of_mulVec_matrixVec
AUDIT_DECLARATION AntisymmetricVerification.matrix_fintypeSum_mulVec
AUDIT_DECLARATION AntisymmetricVerification.matrix_scalar_shift_eigenspace
AUDIT_DECLARATION AntisymmetricVerification.matrix_scalar_smul_eigenspace
AUDIT_DECLARATION AntisymmetricVerification.matrix_zero_eigenspace
AUDIT_DECLARATION AntisymmetricVerification.mulVec_fintype_sum
AUDIT_DECLARATION AntisymmetricVerification.mul_swapFirstMatrix
AUDIT_DECLARATION AntisymmetricVerification.nonempty_subsetIndex
AUDIT_DECLARATION AntisymmetricVerification.oneBodyGenerator
AUDIT_DECLARATION AntisymmetricVerification.oneLeg
AUDIT_DECLARATION AntisymmetricVerification.oneLegGram
AUDIT_DECLARATION AntisymmetricVerification.oneLegGram_product
AUDIT_DECLARATION AntisymmetricVerification.oneLegLinear
AUDIT_DECLARATION AntisymmetricVerification.oneLegMatrix
AUDIT_DECLARATION AntisymmetricVerification.oneLegMatrix_matrixUnit_apply
AUDIT_DECLARATION AntisymmetricVerification.oneLegMatrix_mulVec
AUDIT_DECLARATION AntisymmetricVerification.oneLegMatrix_zero_product
AUDIT_DECLARATION AntisymmetricVerification.oneLeg_add
AUDIT_DECLARATION AntisymmetricVerification.oneLeg_pureTensor
AUDIT_DECLARATION AntisymmetricVerification.oneLeg_smul
AUDIT_DECLARATION AntisymmetricVerification.partialTraceLinear
AUDIT_DECLARATION AntisymmetricVerification.partialTrace_hilbertSchmidt_adjoint
AUDIT_DECLARATION AntisymmetricVerification.permute
AUDIT_DECLARATION AntisymmetricVerification.permute_eq_iff
AUDIT_DECLARATION AntisymmetricVerification.permute_oneLeg
AUDIT_DECLARATION AntisymmetricVerification.postprocess
AUDIT_DECLARATION AntisymmetricVerification.postprocessRestriction
AUDIT_DECLARATION AntisymmetricVerification.postprocessRestriction_basis
AUDIT_DECLARATION AntisymmetricVerification.postprocess_add
AUDIT_DECLARATION AntisymmetricVerification.postprocess_alternating
AUDIT_DECLARATION AntisymmetricVerification.postprocess_eigenSlater
AUDIT_DECLARATION AntisymmetricVerification.postprocess_independent_leg
AUDIT_DECLARATION AntisymmetricVerification.postprocess_matrix_diagonal
AUDIT_DECLARATION AntisymmetricVerification.postprocess_normalized_slater
AUDIT_DECLARATION AntisymmetricVerification.postprocess_slater_eigenvector
AUDIT_DECLARATION AntisymmetricVerification.postprocess_smul
AUDIT_DECLARATION AntisymmetricVerification.productEigenspaceEquiv
AUDIT_DECLARATION AntisymmetricVerification.product_eigenspace_finrank
AUDIT_DECLARATION AntisymmetricVerification.pureTensor
AUDIT_DECLARATION AntisymmetricVerification.pureTensor_standard
AUDIT_DECLARATION AntisymmetricVerification.pureTensor_update
AUDIT_DECLARATION AntisymmetricVerification.reductionKraus
AUDIT_DECLARATION AntisymmetricVerification.renyi_subsetIndex
AUDIT_DECLARATION AntisymmetricVerification.restriction_trace_hermitian
AUDIT_DECLARATION AntisymmetricVerification.rowSlice
AUDIT_DECLARATION AntisymmetricVerification.scaled_compressed_twirl
AUDIT_DECLARATION AntisymmetricVerification.shuffling_eigenbasis
AUDIT_DECLARATION AntisymmetricVerification.signC
AUDIT_DECLARATION AntisymmetricVerification.signC_decompose
AUDIT_DECLARATION AntisymmetricVerification.signC_mul
AUDIT_DECLARATION AntisymmetricVerification.signC_mul_self
AUDIT_DECLARATION AntisymmetricVerification.signC_symm
AUDIT_DECLARATION AntisymmetricVerification.slater
AUDIT_DECLARATION AntisymmetricVerification.slaterCoordinateEquiv
AUDIT_DECLARATION AntisymmetricVerification.slaterCoordinateEquiv_apply
AUDIT_DECLARATION AntisymmetricVerification.slaterDown
AUDIT_DECLARATION AntisymmetricVerification.slaterDown_up_formula
AUDIT_DECLARATION AntisymmetricVerification.slaterDown_up_successor
AUDIT_DECLARATION AntisymmetricVerification.slaterDown_up_zero
AUDIT_DECLARATION AntisymmetricVerification.slaterEmbed_projection_left
AUDIT_DECLARATION AntisymmetricVerification.slaterEmbed_projection_right
AUDIT_DECLARATION AntisymmetricVerification.slaterIsometry
AUDIT_DECLARATION AntisymmetricVerification.slaterIsometry_column
AUDIT_DECLARATION AntisymmetricVerification.slaterIsometry_isometry
AUDIT_DECLARATION AntisymmetricVerification.slaterIsometry_range_projection
AUDIT_DECLARATION AntisymmetricVerification.slaterLadderGram
AUDIT_DECLARATION AntisymmetricVerification.slaterLadderGram_eigenvalues_covered
AUDIT_DECLARATION AntisymmetricVerification.slaterLadderGram_isHermitian
AUDIT_DECLARATION AntisymmetricVerification.slaterLadderGram_multiplicity
AUDIT_DECLARATION AntisymmetricVerification.slaterLadderGram_no_other_eigenvalues
AUDIT_DECLARATION AntisymmetricVerification.slaterLadderGram_posSemidef
AUDIT_DECLARATION AntisymmetricVerification.slaterLadderGram_spectral_sum
AUDIT_DECLARATION AntisymmetricVerification.slaterLadderGram_successor
AUDIT_DECLARATION AntisymmetricVerification.slaterLadderGram_zero
AUDIT_DECLARATION AntisymmetricVerification.slaterProduct
AUDIT_DECLARATION AntisymmetricVerification.slaterProduct_conjTranspose
AUDIT_DECLARATION AntisymmetricVerification.slaterProduct_isometry
AUDIT_DECLARATION AntisymmetricVerification.slaterProduct_projection_left
AUDIT_DECLARATION AntisymmetricVerification.slaterProduct_projection_right
AUDIT_DECLARATION AntisymmetricVerification.slaterProduct_range_projection
AUDIT_DECLARATION AntisymmetricVerification.slaterReductionMatrix
AUDIT_DECLARATION AntisymmetricVerification.slaterReductionMatrix_adj_mulVec
AUDIT_DECLARATION AntisymmetricVerification.slaterReductionMatrix_gram_successor
AUDIT_DECLARATION AntisymmetricVerification.slaterReductionMatrix_gram_zero
AUDIT_DECLARATION AntisymmetricVerification.slaterReductionMatrix_mulVec
AUDIT_DECLARATION AntisymmetricVerification.slaterUp
AUDIT_DECLARATION AntisymmetricVerification.slater_alternating
AUDIT_DECLARATION AntisymmetricVerification.slater_conjTranspose_mul_antisymMatrix
AUDIT_DECLARATION AntisymmetricVerification.slater_coordinates_reconstruct
AUDIT_DECLARATION AntisymmetricVerification.slater_embed_product
AUDIT_DECLARATION AntisymmetricVerification.slater_expansion
AUDIT_DECLARATION AntisymmetricVerification.slater_expansion_vector
AUDIT_DECLARATION AntisymmetricVerification.slater_ladder_card
AUDIT_DECLARATION AntisymmetricVerification.slater_ladder_recurrence_real
AUDIT_DECLARATION AntisymmetricVerification.slater_mul_exteriorUnitary
AUDIT_DECLARATION AntisymmetricVerification.slater_oneLegGram_coordinates
AUDIT_DECLARATION AntisymmetricVerification.slater_sandwich_embed
AUDIT_DECLARATION AntisymmetricVerification.slater_sandwich_reindex
AUDIT_DECLARATION AntisymmetricVerification.slater_up_down_raw
AUDIT_DECLARATION AntisymmetricVerification.standardSlater
AUDIT_DECLARATION AntisymmetricVerification.standardSlater_evaluation
AUDIT_DECLARATION AntisymmetricVerification.standardSlater_gram
AUDIT_DECLARATION AntisymmetricVerification.standardSlater_linearIndependent
AUDIT_DECLARATION AntisymmetricVerification.standardSlater_ne_zero
AUDIT_DECLARATION AntisymmetricVerification.standardSlater_of_missing
AUDIT_DECLARATION AntisymmetricVerification.standardSlater_other
AUDIT_DECLARATION AntisymmetricVerification.standardSlater_self
AUDIT_DECLARATION AntisymmetricVerification.standardSlater_zero_of_not_injective
AUDIT_DECLARATION AntisymmetricVerification.standardVector
AUDIT_DECLARATION AntisymmetricVerification.standardVector_eq_single
AUDIT_DECLARATION AntisymmetricVerification.submatrix_fintypeSum
AUDIT_DECLARATION AntisymmetricVerification.subsetEnum
AUDIT_DECLARATION AntisymmetricVerification.subsetEnum_injective
AUDIT_DECLARATION AntisymmetricVerification.subsetEnum_mem
AUDIT_DECLARATION AntisymmetricVerification.subsetIndex_nonempty_of_le
AUDIT_DECLARATION AntisymmetricVerification.subset_shuffling_eigenvector
AUDIT_DECLARATION AntisymmetricVerification.sum_eigenvalues_by_multiplicity
AUDIT_DECLARATION AntisymmetricVerification.sum_shuffle
AUDIT_DECLARATION AntisymmetricVerification.sum_subset_enumeration
AUDIT_DECLARATION AntisymmetricVerification.swapFirstIndex
AUDIT_DECLARATION AntisymmetricVerification.swapFirstIndex_cons
AUDIT_DECLARATION AntisymmetricVerification.swapFirstIndex_involutive
AUDIT_DECLARATION AntisymmetricVerification.swapFirstMatrix
AUDIT_DECLARATION AntisymmetricVerification.swapFirstMatrix_isHermitian
AUDIT_DECLARATION AntisymmetricVerification.swapFirstMatrix_matrixUnits
AUDIT_DECLARATION AntisymmetricVerification.swapFirstMatrix_mul
AUDIT_DECLARATION AntisymmetricVerification.swapFirstMatrix_mulVec
AUDIT_DECLARATION AntisymmetricVerification.tailAntisymmetrize
AUDIT_DECLARATION AntisymmetricVerification.tailAntisymmetrize_of_alternating
AUDIT_DECLARATION AntisymmetricVerification.tensorIndex_eq_enum_perm
AUDIT_DECLARATION AntisymmetricVerification.tensorMap_add_input
AUDIT_DECLARATION AntisymmetricVerification.tensorMap_smul_input
AUDIT_DECLARATION AntisymmetricVerification.tensorMatrix
AUDIT_DECLARATION AntisymmetricVerification.tensorMatrix_conjTranspose
AUDIT_DECLARATION AntisymmetricVerification.tensorMatrix_mul
AUDIT_DECLARATION AntisymmetricVerification.tensorMatrix_mulVec_injective
AUDIT_DECLARATION AntisymmetricVerification.tensorMatrix_one
AUDIT_DECLARATION AntisymmetricVerification.tensorMatrix_preserves_alternating
AUDIT_DECLARATION AntisymmetricVerification.tensorMatrix_pureTensor
AUDIT_DECLARATION AntisymmetricVerification.tensorMatrix_slater
AUDIT_DECLARATION AntisymmetricVerification.tensorMatrix_standardSlater
AUDIT_DECLARATION AntisymmetricVerification.tensorMatrix_unitary_star_mul
AUDIT_DECLARATION AntisymmetricVerification.tensor_conjugate_bell_supermatrix
AUDIT_DECLARATION AntisymmetricVerification.tensor_conjugate_one
AUDIT_DECLARATION AntisymmetricVerification.tensor_eigenSlater_column
AUDIT_DECLARATION AntisymmetricVerification.tensor_transformedSlater_column
AUDIT_DECLARATION AntisymmetricVerification.traceA_add
AUDIT_DECLARATION AntisymmetricVerification.traceA_coset_sandwich
AUDIT_DECLARATION AntisymmetricVerification.traceA_fintype_sum
AUDIT_DECLARATION AntisymmetricVerification.traceA_gram_rows
AUDIT_DECLARATION AntisymmetricVerification.traceA_kronecker
AUDIT_DECLARATION AntisymmetricVerification.traceA_kronecker_units
AUDIT_DECLARATION AntisymmetricVerification.traceA_second_left
AUDIT_DECLARATION AntisymmetricVerification.traceA_second_right
AUDIT_DECLARATION AntisymmetricVerification.traceA_smul
AUDIT_DECLARATION AntisymmetricVerification.traceA_sub
AUDIT_DECLARATION AntisymmetricVerification.traceA_swapFirst_left
AUDIT_DECLARATION AntisymmetricVerification.traceA_swapFirst_right
AUDIT_DECLARATION AntisymmetricVerification.traceA_two_swaps
AUDIT_DECLARATION AntisymmetricVerification.transformedSlater_expansion
AUDIT_DECLARATION AntisymmetricVerification.transformedSlater_linearIndependent
AUDIT_DECLARATION AntisymmetricVerification.unitaryDiagonal_affine
AUDIT_DECLARATION AntisymmetricVerification.unitaryDiagonal_column_eigenvector
AUDIT_DECLARATION AntisymmetricVerification.upCoordinates
AUDIT_DECLARATION AntisymmetricVerification.upCoordinates_eq_kraus
AUDIT_DECLARATION AntisymmetricVerification.update_zero_eq_cons
AUDIT_DECLARATION AntisymmetricVerification.weightedSlaterReduction
AUDIT_DECLARATION AntisymmetricVerification.weightedSlaterReduction_gram
AUDIT_DECLARATION AntisymmetricVerification.weightedSlaterReduction_ladder
AUDIT_DECLARATION AppendixB.Ap
AUDIT_DECLARATION AppendixB.B_identity
AUDIT_DECLARATION AppendixB.B_one_eq_A
AUDIT_DECLARATION AppendixB.Bpr
AUDIT_DECLARATION AppendixB.D2wm
AUDIT_DECLARATION AppendixB.Dset
AUDIT_DECLARATION AppendixB.Dset_sum_pos
AUDIT_DECLARATION AppendixB.Fp
AUDIT_DECLARATION AppendixB.Fp_local
AUDIT_DECLARATION AppendixB.Lam
AUDIT_DECLARATION AppendixB.Lam_nonempty
AUDIT_DECLARATION AppendixB.abs_add_three
AUDIT_DECLARATION AppendixB.alphaB
AUDIT_DECLARATION AppendixB.bellNu
AUDIT_DECLARATION AppendixB.bell_output
AUDIT_DECLARATION AppendixB.bell_output_r1
AUDIT_DECLARATION AppendixB.betaB
AUDIT_DECLARATION AppendixB.card_filter_mem_powersetCard
AUDIT_DECLARATION AppendixB.card_in
AUDIT_DECLARATION AppendixB.card_in_out
AUDIT_DECLARATION AppendixB.card_subsets
AUDIT_DECLARATION AppendixB.choose_le_pow
AUDIT_DECLARATION AppendixB.choose_le_ratio
AUDIT_DECLARATION AppendixB.choose_mul_left
AUDIT_DECLARATION AppendixB.choose_mul_right
AUDIT_DECLARATION AppendixB.choose_mul_right'
AUDIT_DECLARATION AppendixB.choose_succ_ratio
AUDIT_DECLARATION AppendixB.continuousAt_renyi_positive
AUDIT_DECLARATION AppendixB.continuousAt_shuffled_entropy
AUDIT_DECLARATION AppendixB.continuous_ct
AUDIT_DECLARATION AppendixB.cp
AUDIT_DECLARATION AppendixB.cp_mul_kappa
AUDIT_DECLARATION AppendixB.ct
AUDIT_DECLARATION AppendixB.ct_bound
AUDIT_DECLARATION AppendixB.dm
AUDIT_DECLARATION AppendixB.dm_small
AUDIT_DECLARATION AppendixB.eig_recursion
AUDIT_DECLARATION AppendixB.entropy_sInf_abs_le
AUDIT_DECLARATION AppendixB.eps_sq_sum
AUDIT_DECLARATION AppendixB.eventual_nonadditivity_from_limits
AUDIT_DECLARATION AppendixB.exact_expansion
AUDIT_DECLARATION AppendixB.exp_bound2
AUDIT_DECLARATION AppendixB.final_step
AUDIT_DECLARATION AppendixB.infimumOutputEntropy
AUDIT_DECLARATION AppendixB.isCompact_Dset
AUDIT_DECLARATION AppendixB.isCompact_Lam
AUDIT_DECLARATION AppendixB.kappa
AUDIT_DECLARATION AppendixB.loc_final
AUDIT_DECLARATION AppendixB.localization
AUDIT_DECLARATION AppendixB.log_bound1
AUDIT_DECLARATION AppendixB.log_bound2
AUDIT_DECLARATION AppendixB.log_sixteen_lt_three
AUDIT_DECLARATION AppendixB.main_coefficient_gap
AUDIT_DECLARATION AppendixB.main_coefficient_strict
AUDIT_DECLARATION AppendixB.mult_sum
AUDIT_DECLARATION AppendixB.outputEntropyValues
AUDIT_DECLARATION AppendixB.outputEntropyValues_eventually_nonempty_bddBelow
AUDIT_DECLARATION AppendixB.outputEntropyValues_one
AUDIT_DECLARATION AppendixB.power_remainder_lower
AUDIT_DECLARATION AppendixB.psi
AUDIT_DECLARATION AppendixB.psi_bdd
AUDIT_DECLARATION AppendixB.psi_lip
AUDIT_DECLARATION AppendixB.psi_local
AUDIT_DECLARATION AppendixB.psi_quad
AUDIT_DECLARATION AppendixB.psi_small
AUDIT_DECLARATION AppendixB.quad_coeff
AUDIT_DECLARATION AppendixB.quadratic_form
AUDIT_DECLARATION AppendixB.renyi
AUDIT_DECLARATION AppendixB.renyi_congr
AUDIT_DECLARATION AppendixB.renyi_r1
AUDIT_DECLARATION AppendixB.rkt
AUDIT_DECLARATION AppendixB.rkt_bounds
AUDIT_DECLARATION AppendixB.rpow_bound
AUDIT_DECLARATION AppendixB.shuffle
AUDIT_DECLARATION AppendixB.shuffle_pos
AUDIT_DECLARATION AppendixB.shuffle_repr
AUDIT_DECLARATION AppendixB.shuffled_entropy_attains_minimum
AUDIT_DECLARATION AppendixB.shuffled_entropy_eventually_attains_minimum
AUDIT_DECLARATION AppendixB.single_output
AUDIT_DECLARATION AppendixB.single_output_infimum
AUDIT_DECLARATION AppendixB.single_output_minimum
AUDIT_DECLARATION AppendixB.single_output_r1
AUDIT_DECLARATION AppendixB.single_output_r1_infimum
AUDIT_DECLARATION AppendixB.single_output_r1_minimum
AUDIT_DECLARATION AppendixB.spectral_nonadditivity_all_orders
AUDIT_DECLARATION AppendixB.spike_final
AUDIT_DECLARATION AppendixB.sqrt_tt_le
AUDIT_DECLARATION AppendixB.strict_gap_from_errors
AUDIT_DECLARATION AppendixB.subsets
AUDIT_DECLARATION AppendixB.sum_by_parts
AUDIT_DECLARATION AppendixB.sum_cons2
AUDIT_DECLARATION AppendixB.sum_mem_eq_ite
AUDIT_DECLARATION AppendixB.sum_over_subsets
AUDIT_DECLARATION AppendixB.trace_identity
AUDIT_DECLARATION AppendixB.two_le_log_sixteen
AUDIT_DECLARATION AppendixB.two_spike
AUDIT_DECLARATION AppendixB.uniform_expansion
AUDIT_DECLARATION AppendixB.weighted_choose_sq
AUDIT_DECLARATION AppendixB.wm
AUDIT_DECLARATION AppendixB.xlogx_bound
AUDIT_DECLARATION BellLimitVerification.bellAlpha
AUDIT_DECLARATION BellLimitVerification.bellBeta
AUDIT_DECLARATION BellLimitVerification.bellEntry
AUDIT_DECLARATION BellLimitVerification.bellEntry_eq_block_trace
AUDIT_DECLARATION BellLimitVerification.bell_overlap_eq_normalized_purity
AUDIT_DECLARATION BellLimitVerification.bell_spectrum_identities
AUDIT_DECLARATION BellLimitVerification.bell_spectrum_positive
AUDIT_DECLARATION BellLimitVerification.bernoulli_derivative_substitution
AUDIT_DECLARATION BellLimitVerification.centralDifference
AUDIT_DECLARATION BellLimitVerification.centralDifference_tendsto
AUDIT_DECLARATION BellLimitVerification.choiBlock
AUDIT_DECLARATION BellLimitVerification.contractionMatrixCStarAlgebra
AUDIT_DECLARATION BellLimitVerification.denominator
AUDIT_DECLARATION BellLimitVerification.denominator_identity
AUDIT_DECLARATION BellLimitVerification.denominator_pos
AUDIT_DECLARATION BellLimitVerification.density_expectation_abs_le_opNorm
AUDIT_DECLARATION BellLimitVerification.hessianC0
AUDIT_DECLARATION BellLimitVerification.hessianC1
AUDIT_DECLARATION BellLimitVerification.hessian_bell_coefficients
AUDIT_DECLARATION BellLimitVerification.largestEigenvalue_le_opNorm
AUDIT_DECLARATION BellLimitVerification.log_central_remainder
AUDIT_DECLARATION BellLimitVerification.log_symmetric_remainder
AUDIT_DECLARATION BellLimitVerification.mixing
AUDIT_DECLARATION BellLimitVerification.mixing_mem_unit_interval
AUDIT_DECLARATION BellLimitVerification.moment_limit_of_central_differences
AUDIT_DECLARATION BellLimitVerification.moment_limit_of_uniform_approximation
AUDIT_DECLARATION BellLimitVerification.negative_root_arithmetic
AUDIT_DECLARATION BellLimitVerification.normalized_contraction_eigenvalue_bound
AUDIT_DECLARATION BellLimitVerification.normalized_contraction_opNorm_le
AUDIT_DECLARATION BellLimitVerification.sum_block_trace_eq_trace_square
AUDIT_DECLARATION BellLimitVerification.weighted_log_central_remainder
AUDIT_DECLARATION BernoulliEdge.Dset
AUDIT_DECLARATION BernoulliEdge.F
AUDIT_DECLARATION BernoulliEdge.F_nonneg
AUDIT_DECLARATION BernoulliEdge.F_zero
AUDIT_DECLARATION BernoulliEdge.K
AUDIT_DECLARATION BernoulliEdge.Scomp
AUDIT_DECLARATION BernoulliEdge.Tmap
AUDIT_DECLARATION BernoulliEdge.Tmap_diagonal
AUDIT_DECLARATION BernoulliEdge.UnitVec
AUDIT_DECLARATION BernoulliEdge.ae_forall_of_lipschitz
AUDIT_DECLARATION BernoulliEdge.ae_tendstoUniformlyOn_of_lipschitz
AUDIT_DECLARATION BernoulliEdge.aux_div_mul_cancel
AUDIT_DECLARATION BernoulliEdge.aux_eq_of_sq_eq_sq
AUDIT_DECLARATION BernoulliEdge.aux_le_div
AUDIT_DECLARATION BernoulliEdge.aux_le_of_sq_le_sq
AUDIT_DECLARATION BernoulliEdge.aux_mul_div_cancel
AUDIT_DECLARATION BernoulliEdge.bddAbove_rayleigh_Scomp
AUDIT_DECLARATION BernoulliEdge.bernoulli_edge_duality
AUDIT_DECLARATION BernoulliEdge.block
AUDIT_DECLARATION BernoulliEdge.cfun
AUDIT_DECLARATION BernoulliEdge.cfun_expand
AUDIT_DECLARATION BernoulliEdge.cfun_nonneg
AUDIT_DECLARATION BernoulliEdge.cfun_self
AUDIT_DECLARATION BernoulliEdge.cfun_zero
AUDIT_DECLARATION BernoulliEdge.const_mem_Dset
AUDIT_DECLARATION BernoulliEdge.continuous_F
AUDIT_DECLARATION BernoulliEdge.continuous_cfun
AUDIT_DECLARATION BernoulliEdge.continuous_disc
AUDIT_DECLARATION BernoulliEdge.continuous_uopt
AUDIT_DECLARATION BernoulliEdge.cs_core
AUDIT_DECLARATION BernoulliEdge.disc
AUDIT_DECLARATION BernoulliEdge.disc_pos
AUDIT_DECLARATION BernoulliEdge.disc_radicand
AUDIT_DECLARATION BernoulliEdge.disc_sq
AUDIT_DECLARATION BernoulliEdge.disc_zero
AUDIT_DECLARATION BernoulliEdge.exists_max_ratio
AUDIT_DECLARATION BernoulliEdge.fenchel_young
AUDIT_DECLARATION BernoulliEdge.fy_eq
AUDIT_DECLARATION BernoulliEdge.fy_eq_core
AUDIT_DECLARATION BernoulliEdge.gap
AUDIT_DECLARATION BernoulliEdge.gfun
AUDIT_DECLARATION BernoulliEdge.isCompact_Dset
AUDIT_DECLARATION BernoulliEdge.isGreatest_lipschitz
AUDIT_DECLARATION BernoulliEdge.l1dist
AUDIT_DECLARATION BernoulliEdge.l1dist_comm
AUDIT_DECLARATION BernoulliEdge.l1dist_nonneg
AUDIT_DECLARATION BernoulliEdge.lamMax
AUDIT_DECLARATION BernoulliEdge.lamMax_Scomp_antitone
AUDIT_DECLARATION BernoulliEdge.lamMax_Scomp_lipschitz
AUDIT_DECLARATION BernoulliEdge.mem_Dset_iff
AUDIT_DECLARATION BernoulliEdge.obj
AUDIT_DECLARATION BernoulliEdge.obj_sub
AUDIT_DECLARATION BernoulliEdge.obj_sub_const
AUDIT_DECLARATION BernoulliEdge.obj_sub_le
AUDIT_DECLARATION BernoulliEdge.q_bounds
AUDIT_DECLARATION BernoulliEdge.radicand_pos
AUDIT_DECLARATION BernoulliEdge.random_compression
AUDIT_DECLARATION BernoulliEdge.ratio
AUDIT_DECLARATION BernoulliEdge.rayleigh
AUDIT_DECLARATION BernoulliEdge.rayleigh_Scomp
AUDIT_DECLARATION BernoulliEdge.rayleigh_add
AUDIT_DECLARATION BernoulliEdge.rayleigh_block_bounds
AUDIT_DECLARATION BernoulliEdge.rayleigh_block_unit
AUDIT_DECLARATION BernoulliEdge.rayleigh_smul
AUDIT_DECLARATION BernoulliEdge.sum_pos_of_mem_Dset
AUDIT_DECLARATION BernoulliEdge.support_eq_inf_K
AUDIT_DECLARATION BernoulliEdge.support_limit_diag
AUDIT_DECLARATION BernoulliEdge.tangency
AUDIT_DECLARATION BernoulliEdge.tangency_aux
AUDIT_DECLARATION BernoulliEdge.tendstoUniformlyOn_of_lipschitz
AUDIT_DECLARATION BernoulliEdge.tendsto_sInf_of_antitone
AUDIT_DECLARATION BernoulliEdge.uopt
AUDIT_DECLARATION BernoulliEdge.uopt_mem
AUDIT_DECLARATION BernoulliEdge.uopt_mem'
AUDIT_DECLARATION BernoulliEdge.uopt_zero
AUDIT_DECLARATION BernoulliEdge.uvec
AUDIT_DECLARATION BernoulliEdge.weak_duality
AUDIT_DECLARATION GaussianRank.ae_complexGaussian_matrix_rank
AUDIT_DECLARATION GaussianRank.ae_complexGaussian_matrix_rank_reindex
AUDIT_DECLARATION GaussianRank.ae_gaussian_whitening_rank_inputs
AUDIT_DECLARATION GaussianRank.ae_matrixGaussian_rank
AUDIT_DECLARATION GaussianRank.ae_matrixGaussian_whitening_rank_inputs
AUDIT_DECLARATION GaussianRank.ae_matrix_rank
AUDIT_DECLARATION GaussianRank.ae_radial_matrix_rank
AUDIT_DECLARATION GaussianRank.ae_volume_matrix_rank_reindex
AUDIT_DECLARATION GaussianRank.complexGaussian
AUDIT_DECLARATION GaussianRank.euclideanBorelSpace
AUDIT_DECLARATION GaussianRank.euclideanCoordinates_quasiMeasurePreserving
AUDIT_DECLARATION GaussianRank.euclideanMeasurableSpace
AUDIT_DECLARATION GaussianRank.gaussianMass
AUDIT_DECLARATION GaussianRank.gaussianMass_pos
AUDIT_DECLARATION GaussianRank.instIsProbabilityMeasureComplexComplexGaussian
AUDIT_DECLARATION GaussianRank.instIsProbabilityMeasureRadialGaussian
AUDIT_DECLARATION GaussianRank.instIsProbabilityMeasureRealRealComponent
AUDIT_DECLARATION GaussianRank.instNoAtomsComplexComplexGaussian
AUDIT_DECLARATION GaussianRank.instNoAtomsRealRealComponent
AUDIT_DECLARATION GaussianRank.integrable_radial_exp
AUDIT_DECLARATION GaussianRank.integral_radial_exp
AUDIT_DECLARATION GaussianRank.matrixCoordinates
AUDIT_DECLARATION GaussianRank.matrixCoordinates_apply
AUDIT_DECLARATION GaussianRank.matrixCoordinates_unitary
AUDIT_DECLARATION GaussianRank.matrixGaussian
AUDIT_DECLARATION GaussianRank.matrixGaussian_isProbabilityMeasure
AUDIT_DECLARATION GaussianRank.matrixGaussian_unitary_invariant
AUDIT_DECLARATION GaussianRank.measurable_radialDensity
AUDIT_DECLARATION GaussianRank.mvPolynomial_ae_ne_zero
AUDIT_DECLARATION GaussianRank.mvPolynomial_ae_ne_zero_fin
AUDIT_DECLARATION GaussianRank.polynomial_ae_ne_zero
AUDIT_DECLARATION GaussianRank.radialDensity
AUDIT_DECLARATION GaussianRank.radialGaussian
AUDIT_DECLARATION GaussianRank.radialGaussian_absolutelyContinuous
AUDIT_DECLARATION GaussianRank.radialGaussian_isometry_invariant
AUDIT_DECLARATION GaussianRank.rank_submatrix_le_general
AUDIT_DECLARATION GaussianRank.realComponent
AUDIT_DECLARATION HaarProjection.ae_complexGaussian_whitenedProjection_posDef_iff
AUDIT_DECLARATION HaarProjection.ae_complexGaussian_whitenedProjection_rank
AUDIT_DECLARATION HaarProjection.ae_haar_iff_ae_whitened_of_law_eq
AUDIT_DECLARATION HaarProjection.ae_haar_projection_partialTrace_posDef_iff
AUDIT_DECLARATION HaarProjection.ae_haar_projection_partialTrace_rank
AUDIT_DECLARATION HaarProjection.ae_whitenedProjection_partialTrace_posDef_iff
AUDIT_DECLARATION HaarProjection.ae_whitenedProjection_partialTrace_rank
AUDIT_DECLARATION HaarProjection.continuous_flatten
AUDIT_DECLARATION HaarProjection.continuous_traceB
AUDIT_DECLARATION HaarProjection.continuous_unitary_orbit
AUDIT_DECLARATION HaarProjection.eq_haarProjectionLaw_of_invariant
AUDIT_DECLARATION HaarProjection.gaussianLeftUnitaryIsometry
AUDIT_DECLARATION HaarProjection.gaussianLeftUnitaryIsometry_apply
AUDIT_DECLARATION HaarProjection.gram_posDef
AUDIT_DECLARATION HaarProjection.haarProjectionLaw
AUDIT_DECLARATION HaarProjection.haarProjectionLaw_conjugate_base
AUDIT_DECLARATION HaarProjection.haarProjectionLaw_conjugation_invariant
AUDIT_DECLARATION HaarProjection.haarProjectionLaw_isProbabilityMeasure
AUDIT_DECLARATION HaarProjection.haar_local_rank_from_invariant_matrix_law
AUDIT_DECLARATION HaarProjection.haar_local_support_from_invariant_matrix_law
AUDIT_DECLARATION HaarProjection.haar_projection_full_local_support_iff
AUDIT_DECLARATION HaarProjection.haar_projection_full_local_support_iff_fin
AUDIT_DECLARATION HaarProjection.haar_projection_partialTrace_rank_fin
AUDIT_DECLARATION HaarProjection.injective_of_full_column_rank
AUDIT_DECLARATION HaarProjection.isClosed_unitary_matrices
AUDIT_DECLARATION HaarProjection.isCompact_unitary_matrices
AUDIT_DECLARATION HaarProjection.matrixBorelSpace
AUDIT_DECLARATION HaarProjection.matrixMeasurableSpace
AUDIT_DECLARATION HaarProjection.matrixSecondCountableTopology
AUDIT_DECLARATION HaarProjection.measurableSet_unitary_orbit
AUDIT_DECLARATION HaarProjection.measurable_matrix_inverse
AUDIT_DECLARATION HaarProjection.measurable_whitenedProjection
AUDIT_DECLARATION HaarProjection.one_kronecker_posDef
AUDIT_DECLARATION HaarProjection.posDef_iff_full_rank
AUDIT_DECLARATION HaarProjection.projection_posSemidef
AUDIT_DECLARATION HaarProjection.traceB_posSemidef
AUDIT_DECLARATION HaarProjection.unitaryEuclideanIsometry
AUDIT_DECLARATION HaarProjection.unitaryGroupBorelSpace
AUDIT_DECLARATION HaarProjection.unitaryGroupCompactSpace
AUDIT_DECLARATION HaarProjection.unitaryGroupContinuousInv
AUDIT_DECLARATION HaarProjection.unitaryGroupIsTopologicalGroup
AUDIT_DECLARATION HaarProjection.unitaryGroupMeasurableSpace
AUDIT_DECLARATION HaarProjection.unitaryHaar
AUDIT_DECLARATION HaarProjection.unitaryHaar_isHaarMeasure
AUDIT_DECLARATION HaarProjection.unitaryHaar_isMulRightInvariant
AUDIT_DECLARATION HaarProjection.unitaryHaar_isProbabilityMeasure
AUDIT_DECLARATION HaarProjection.unitaryTensorIdentity
AUDIT_DECLARATION HaarProjection.unitary_column_normSq_sum
AUDIT_DECLARATION HaarProjection.unitary_conjugation_rank
AUDIT_DECLARATION HaarProjection.unitary_entry_norm_le_one
AUDIT_DECLARATION HaarProjection.whitenedLaw_conjugation_invariant
AUDIT_DECLARATION HaarProjection.whitenedLaw_eq_haarProjectionLaw
AUDIT_DECLARATION HaarProjection.whitenedProjection
AUDIT_DECLARATION HaarProjection.whitenedProjection_idempotent
AUDIT_DECLARATION HaarProjection.whitenedProjection_mul
AUDIT_DECLARATION HaarProjection.whitenedProjection_partialTrace_posDef
AUDIT_DECLARATION HaarProjection.whitenedProjection_partialTrace_posDef_iff
AUDIT_DECLARATION HaarProjection.whitenedProjection_partialTrace_rank
AUDIT_DECLARATION HaarProjection.whitenedProjection_posSemidef
AUDIT_DECLARATION HaarProjection.whitenedProjection_rank
AUDIT_DECLARATION HaarProjection.whitenedProjection_unitary_equivariant
AUDIT_DECLARATION OutputSpaceVerification.ae_support_distance_tendsto_of_dense
AUDIT_DECLARATION OutputSpaceVerification.ae_uniform_tendsto_on_compact_of_dense
AUDIT_DECLARATION OutputSpaceVerification.attained_minimum_tendsto_of_hausdorff
AUDIT_DECLARATION OutputSpaceVerification.bodySupport
AUDIT_DECLARATION OutputSpaceVerification.bodySupport_isGreatest
AUDIT_DECLARATION OutputSpaceVerification.body_compact
AUDIT_DECLARATION OutputSpaceVerification.body_mass_pos
AUDIT_DECLARATION OutputSpaceVerification.body_mass_uniformly_positive
AUDIT_DECLARATION OutputSpaceVerification.body_nonempty
AUDIT_DECLARATION OutputSpaceVerification.concrete_normalized_support_tendsto
AUDIT_DECLARATION OutputSpaceVerification.cost_continuous
AUDIT_DECLARATION OutputSpaceVerification.minimum_value_tendsto_of_hausdorff
AUDIT_DECLARATION OutputSpaceVerification.minimum_value_tendsto_of_hausdorff_eventually
AUDIT_DECLARATION OutputSpaceVerification.normalizedBodySupport
AUDIT_DECLARATION OutputSpaceVerification.normalizedBodySupport_isGreatest
AUDIT_DECLARATION OutputSpaceVerification.normalized_support_tendsto
AUDIT_DECLARATION OutputSpaceVerification.pointwise_tendsto_of_dense
AUDIT_DECLARATION OutputSpaceVerification.ratio_support_brackets
AUDIT_DECLARATION OutputSpaceVerification.support_distance_tendsto_of_uniform
AUDIT_DECLARATION OutputSpaceVerification.threshold_tendsto_of_strict_brackets
AUDIT_DECLARATION OutputSpaceVerification.uniform_tendsto_on_compact
AUDIT_DECLARATION PreliminariesMatrix.channel
AUDIT_DECLARATION PreliminariesMatrix.channel_trace
AUDIT_DECLARATION PreliminariesMatrix.channel_trace_preserving
AUDIT_DECLARATION PreliminariesMatrix.choi_inversion
AUDIT_DECLARATION PreliminariesMatrix.choi_recovery
AUDIT_DECLARATION PreliminariesMatrix.flatten
AUDIT_DECLARATION PreliminariesMatrix.inverse_sqrt_normalized_choi
AUDIT_DECLARATION PreliminariesMatrix.matrixUnit
AUDIT_DECLARATION PreliminariesMatrix.normalized_choi
AUDIT_DECLARATION PreliminariesMatrix.posDef_congruence_kernel
AUDIT_DECLARATION PreliminariesMatrix.posDef_congruence_rank
AUDIT_DECLARATION PreliminariesMatrix.reduced_gram
AUDIT_DECLARATION PreliminariesMatrix.reduced_gram_rank
AUDIT_DECLARATION PreliminariesMatrix.reduced_weighted_gram
AUDIT_DECLARATION PreliminariesMatrix.traceA
AUDIT_DECLARATION PreliminariesMatrix.traceB
AUDIT_DECLARATION PreliminariesMatrix.traceB_congruence
AUDIT_DECLARATION PreliminariesMatrix.traceB_left
AUDIT_DECLARATION PreliminariesMatrix.traceB_right
AUDIT_DECLARATION ProjectionChannels.AmplifiedBlockModifiedStrongInput
AUDIT_DECLARATION ProjectionChannels.BlockModifiedStrongInput
AUDIT_DECLARATION ProjectionChannels.FullBlockModifiedStrongInput
AUDIT_DECLARATION ProjectionChannels.HasOneHighEntropyMinimizer
AUDIT_DECLARATION ProjectionChannels.IsBernoulliFreeSumLaw
AUDIT_DECLARATION ProjectionChannels.ae_all_projection_compressions
AUDIT_DECLARATION ProjectionChannels.ae_bernoulliMeasure_zero_or_one
AUDIT_DECLARATION ProjectionChannels.ae_eventually_rotatedCompression_spectral_gap
AUDIT_DECLARATION ProjectionChannels.ae_scalarBernoulliMeasure_zero_or_a
AUDIT_DECLARATION ProjectionChannels.ae_simultaneous_convergence_of_dense_lipschitz
AUDIT_DECLARATION ProjectionChannels.amplified_diagonalTrace
AUDIT_DECLARATION ProjectionChannels.analyticAt_bernoulliComplexDelta
AUDIT_DECLARATION ProjectionChannels.analyticAt_bernoulliComplexDual
AUDIT_DECLARATION ProjectionChannels.analyticAt_bernoulliComplexK
AUDIT_DECLARATION ProjectionChannels.analyticAt_bernoulliComplexK_ne
AUDIT_DECLARATION ProjectionChannels.analyticAt_bernoulliComplexRadicand
AUDIT_DECLARATION ProjectionChannels.analytic_imaginary_bound_on_compact
AUDIT_DECLARATION ProjectionChannels.bernoulliBudget_zero
AUDIT_DECLARATION ProjectionChannels.bernoulliComplexDelta
AUDIT_DECLARATION ProjectionChannels.bernoulliComplexDelta_conj
AUDIT_DECLARATION ProjectionChannels.bernoulliComplexDelta_ofReal
AUDIT_DECLARATION ProjectionChannels.bernoulliComplexDual
AUDIT_DECLARATION ProjectionChannels.bernoulliComplexDual_conj
AUDIT_DECLARATION ProjectionChannels.bernoulliComplexDual_ofReal
AUDIT_DECLARATION ProjectionChannels.bernoulliComplexK
AUDIT_DECLARATION ProjectionChannels.bernoulliComplexK_eventually_conj
AUDIT_DECLARATION ProjectionChannels.bernoulliComplexK_ofReal
AUDIT_DECLARATION ProjectionChannels.bernoulliComplexRadicand
AUDIT_DECLARATION ProjectionChannels.bernoulliComplexRadicand_conj
AUDIT_DECLARATION ProjectionChannels.bernoulliComplexRadicand_mem_slitPlane
AUDIT_DECLARATION ProjectionChannels.bernoulliComplexRadicand_ofReal
AUDIT_DECLARATION ProjectionChannels.bernoulliCost
AUDIT_DECLARATION ProjectionChannels.bernoulliCostSlope
AUDIT_DECLARATION ProjectionChannels.bernoulliCost_coordinate_cap
AUDIT_DECLARATION ProjectionChannels.bernoulliCost_expansion
AUDIT_DECLARATION ProjectionChannels.bernoulliCost_nonneg
AUDIT_DECLARATION ProjectionChannels.bernoulliCost_one
AUDIT_DECLARATION ProjectionChannels.bernoulliCost_self
AUDIT_DECLARATION ProjectionChannels.bernoulliCost_zero
AUDIT_DECLARATION ProjectionChannels.bernoulliDelta
AUDIT_DECLARATION ProjectionChannels.bernoulliDelta_original
AUDIT_DECLARATION ProjectionChannels.bernoulliDelta_pos
AUDIT_DECLARATION ProjectionChannels.bernoulliDelta_sq
AUDIT_DECLARATION ProjectionChannels.bernoulliDual
AUDIT_DECLARATION ProjectionChannels.bernoulliDual_eq_of_quadratic
AUDIT_DECLARATION ProjectionChannels.bernoulliDual_quadratic
AUDIT_DECLARATION ProjectionChannels.bernoulliDual_zero
AUDIT_DECLARATION ProjectionChannels.bernoulliEndpoint
AUDIT_DECLARATION ProjectionChannels.bernoulliEndpointBudget
AUDIT_DECLARATION ProjectionChannels.bernoulliFeasible
AUDIT_DECLARATION ProjectionChannels.bernoulliFreeSumR
AUDIT_DECLARATION ProjectionChannels.bernoulliFreeSumR_reflection
AUDIT_DECLARATION ProjectionChannels.bernoulliFreeSum_inverse_formula
AUDIT_DECLARATION ProjectionChannels.bernoulliK
AUDIT_DECLARATION ProjectionChannels.bernoulliKValues
AUDIT_DECLARATION ProjectionChannels.bernoulliK_critical_dichotomy
AUDIT_DECLARATION ProjectionChannels.bernoulliK_critical_minimum
AUDIT_DECLARATION ProjectionChannels.bernoulliK_critical_unique
AUDIT_DECLARATION ProjectionChannels.bernoulliK_deriv_neg_of_endpoint_le
AUDIT_DECLARATION ProjectionChannels.bernoulliK_deriv_neg_of_no_critical
AUDIT_DECLARATION ProjectionChannels.bernoulliK_deriv_sign_around_critical
AUDIT_DECLARATION ProjectionChannels.bernoulliK_deriv_zero_iff
AUDIT_DECLARATION ProjectionChannels.bernoulliK_endpoint_isGLB
AUDIT_DECLARATION ProjectionChannels.bernoulliK_has_critical_iff
AUDIT_DECLARATION ProjectionChannels.bernoulliK_infimum_at_infinity
AUDIT_DECLARATION ProjectionChannels.bernoulliK_minimum_is_critical
AUDIT_DECLARATION ProjectionChannels.bernoulliK_profile_identity
AUDIT_DECLARATION ProjectionChannels.bernoulliK_strictAntiOn_of_no_critical
AUDIT_DECLARATION ProjectionChannels.bernoulliK_unique_global_minimum
AUDIT_DECLARATION ProjectionChannels.bernoulliK_zero_coefficients
AUDIT_DECLARATION ProjectionChannels.bernoulliMaximizer
AUDIT_DECLARATION ProjectionChannels.bernoulliMaximizer_lower
AUDIT_DECLARATION ProjectionChannels.bernoulliMaximizer_mem_Ioo
AUDIT_DECLARATION ProjectionChannels.bernoulliMaximizer_product
AUDIT_DECLARATION ProjectionChannels.bernoulliMaximizer_upper
AUDIT_DECLARATION ProjectionChannels.bernoulliMaximizer_zero
AUDIT_DECLARATION ProjectionChannels.bernoulliMeasure
AUDIT_DECLARATION ProjectionChannels.bernoulliMeasure_isProbability
AUDIT_DECLARATION ProjectionChannels.bernoulliMeasure_mass_one
AUDIT_DECLARATION ProjectionChannels.bernoulliMeasure_mass_zero
AUDIT_DECLARATION ProjectionChannels.bernoulliMeasure_moment
AUDIT_DECLARATION ProjectionChannels.bernoulliObjectiveValues
AUDIT_DECLARATION ProjectionChannels.bernoulliProfile
AUDIT_DECLARATION ProjectionChannels.bernoulliProfile_lt_budget_of_endpoint_le
AUDIT_DECLARATION ProjectionChannels.bernoulliProfile_lt_endpoint
AUDIT_DECLARATION ProjectionChannels.bernoulliProfile_zero
AUDIT_DECLARATION ProjectionChannels.bernoulliProfile_zero_coefficients
AUDIT_DECLARATION ProjectionChannels.bernoulliR
AUDIT_DECLARATION ProjectionChannels.bernoulliR_mul
AUDIT_DECLARATION ProjectionChannels.bernoulliSupport
AUDIT_DECLARATION ProjectionChannels.bernoulliSupport_difference_le
AUDIT_DECLARATION ProjectionChannels.bernoulliSupport_lipschitz
AUDIT_DECLARATION ProjectionChannels.bernoulli_duality_from_continuity_and_limits
AUDIT_DECLARATION ProjectionChannels.bernoulli_edge_from_cauchy_characterization
AUDIT_DECLARATION ProjectionChannels.bernoulli_endpoint_objective
AUDIT_DECLARATION ProjectionChannels.bernoulli_endpoint_support
AUDIT_DECLARATION ProjectionChannels.bernoulli_feasible_weighted_mass_pos
AUDIT_DECLARATION ProjectionChannels.bernoulli_free_sum_right_edge
AUDIT_DECLARATION ProjectionChannels.bernoulli_full_duality
AUDIT_DECLARATION ProjectionChannels.bernoulli_legendre_equality
AUDIT_DECLARATION ProjectionChannels.bernoulli_legendre_equality_iff
AUDIT_DECLARATION ProjectionChannels.bernoulli_legendre_inequality
AUDIT_DECLARATION ProjectionChannels.bernoulli_legendre_maximum
AUDIT_DECLARATION ProjectionChannels.bernoulli_negative_support_value
AUDIT_DECLARATION ProjectionChannels.bernoulli_right_edge_of_inverse_cauchy_germ
AUDIT_DECLARATION ProjectionChannels.bernoulli_secondDerivative_pos
AUDIT_DECLARATION ProjectionChannels.bernoulli_support_attainment
AUDIT_DECLARATION ProjectionChannels.bernoulli_support_attains_inf
AUDIT_DECLARATION ProjectionChannels.bernoulli_support_eq_inf
AUDIT_DECLARATION ProjectionChannels.bernoulli_support_eq_inf_nat
AUDIT_DECLARATION ProjectionChannels.bernoulli_support_le_K
AUDIT_DECLARATION ProjectionChannels.bernoulli_support_upper_bound
AUDIT_DECLARATION ProjectionChannels.blockCompression
AUDIT_DECLARATION ProjectionChannels.blockCompression_isHermitian
AUDIT_DECLARATION ProjectionChannels.blockCompression_largest_lipschitz
AUDIT_DECLARATION ProjectionChannels.blockCompression_positive_shift
AUDIT_DECLARATION ProjectionChannels.blockCompression_shift
AUDIT_DECLARATION ProjectionChannels.blockCompression_sub_constant
AUDIT_DECLARATION ProjectionChannels.blockModification_polynomial
AUDIT_DECLARATION ProjectionChannels.canonical_fullBlockModifiedStrongInput_one
AUDIT_DECLARATION ProjectionChannels.canonical_projection_scalar_eigenvalue_sum
AUDIT_DECLARATION ProjectionChannels.canonical_projection_scalar_empirical_tendsto
AUDIT_DECLARATION ProjectionChannels.canonical_projection_scalar_spectralTrace
AUDIT_DECLARATION ProjectionChannels.canonical_rotated_scalar_empirical_tendsto
AUDIT_DECLARATION ProjectionChannels.canonical_scalar_eigenvalue_sum
AUDIT_DECLARATION ProjectionChannels.canonical_scalar_empirical_tendsto
AUDIT_DECLARATION ProjectionChannels.canonical_scalar_spectralTrace
AUDIT_DECLARATION ProjectionChannels.cauchyTransform
AUDIT_DECLARATION ProjectionChannels.cauchyTransform_bernoulli
AUDIT_DECLARATION ProjectionChannels.cauchyTransform_bernoulli_quadratic
AUDIT_DECLARATION ProjectionChannels.cauchyTransform_bernoulli_rational
AUDIT_DECLARATION ProjectionChannels.cauchyTransform_dilation
AUDIT_DECLARATION ProjectionChannels.cauchyTransform_neg_im
AUDIT_DECLARATION ProjectionChannels.cauchyTransform_ofReal
AUDIT_DECLARATION ProjectionChannels.cauchy_agreement_upper_of_real_right
AUDIT_DECLARATION ProjectionChannels.cauchy_interval_mass_bound
AUDIT_DECLARATION ProjectionChannels.cauchy_no_mass_holomorphic_continuation
AUDIT_DECLARATION ProjectionChannels.cauchy_no_mass_of_linear_imaginary_bound
AUDIT_DECLARATION ProjectionChannels.choiInput
AUDIT_DECLARATION ProjectionChannels.choiOutput
AUDIT_DECLARATION ProjectionChannels.choi_conventions
AUDIT_DECLARATION ProjectionChannels.choi_reconstructs_linearMap
AUDIT_DECLARATION ProjectionChannels.compact_probability_right_edge
AUDIT_DECLARATION ProjectionChannels.compressionMatrixCStarAlgebra
AUDIT_DECLARATION ProjectionChannels.conjugateMap
AUDIT_DECLARATION ProjectionChannels.conjugateMap_choi
AUDIT_DECLARATION ProjectionChannels.conjugate_matrixUnit
AUDIT_DECLARATION ProjectionChannels.continuousOn_realCauchyTransform_right
AUDIT_DECLARATION ProjectionChannels.continuous_bernoulliBudget
AUDIT_DECLARATION ProjectionChannels.continuous_bernoulliCost
AUDIT_DECLARATION ProjectionChannels.continuous_bernoulliMaximizer
AUDIT_DECLARATION ProjectionChannels.continuous_bernoulliProfile
AUDIT_DECLARATION ProjectionChannels.continuous_poissonKernel
AUDIT_DECLARATION ProjectionChannels.continuous_traceB
AUDIT_DECLARATION ProjectionChannels.contraction_scalar_shift
AUDIT_DECLARATION ProjectionChannels.convergence_of_dense_lipschitz
AUDIT_DECLARATION ProjectionChannels.deriv_bernoulliDual
AUDIT_DECLARATION ProjectionChannels.diagonalBlock
AUDIT_DECLARATION ProjectionChannels.diagonalTraceLinearMap
AUDIT_DECLARATION ProjectionChannels.diagonalTraceLinearMap_eq
AUDIT_DECLARATION ProjectionChannels.diagonalTraceMap
AUDIT_DECLARATION ProjectionChannels.diagonalTraceMap_choiInput
AUDIT_DECLARATION ProjectionChannels.diagonalTraceMap_choiOutput
AUDIT_DECLARATION ProjectionChannels.diagonal_mul_levelProjection
AUDIT_DECLARATION ProjectionChannels.diagonal_trace_formula
AUDIT_DECLARATION ProjectionChannels.diagonal_trace_matrixUnit
AUDIT_DECLARATION ProjectionChannels.differentiableAt_cauchyTransform_off_real
AUDIT_DECLARATION ProjectionChannels.differentiableAt_cauchyTransform_right
AUDIT_DECLARATION ProjectionChannels.differentiableOn_cauchyTransform_right
AUDIT_DECLARATION ProjectionChannels.differentiableOn_cauchyTransform_upper
AUDIT_DECLARATION ProjectionChannels.dilated_bernoulli_inverse_left
AUDIT_DECLARATION ProjectionChannels.dilated_bernoulli_inverse_right
AUDIT_DECLARATION ProjectionChannels.eigenvalue_le_largest
AUDIT_DECLARATION ProjectionChannels.eigenvalue_le_of_shift_posSemidef
AUDIT_DECLARATION ProjectionChannels.eigenvalue_lower_of_largest_neg_le
AUDIT_DECLARATION ProjectionChannels.entropy_lower_bound_of_one_high_minimizer
AUDIT_DECLARATION ProjectionChannels.entrywiseConjugate
AUDIT_DECLARATION ProjectionChannels.eventual_product_violation_of_limits
AUDIT_DECLARATION ProjectionChannels.eventual_strict_gap_of_limits
AUDIT_DECLARATION ProjectionChannels.exists_positive_saturation
AUDIT_DECLARATION ProjectionChannels.exists_real_holomorphic_local_inverse
AUDIT_DECLARATION ProjectionChannels.finiteShannon
AUDIT_DECLARATION ProjectionChannels.finiteShannon_oneHigh
AUDIT_DECLARATION ProjectionChannels.fixed_random_compression_from_block_strong
AUDIT_DECLARATION ProjectionChannels.hasDerivAt_bernoulliBudget
AUDIT_DECLARATION ProjectionChannels.hasDerivAt_bernoulliCost
AUDIT_DECLARATION ProjectionChannels.hasDerivAt_bernoulliCostSlope
AUDIT_DECLARATION ProjectionChannels.hasDerivAt_bernoulliCost_at_maximizer
AUDIT_DECLARATION ProjectionChannels.hasDerivAt_bernoulliCost_maximizer
AUDIT_DECLARATION ProjectionChannels.hasDerivAt_bernoulliDelta
AUDIT_DECLARATION ProjectionChannels.hasDerivAt_bernoulliDual
AUDIT_DECLARATION ProjectionChannels.hasDerivAt_bernoulliK
AUDIT_DECLARATION ProjectionChannels.hasDerivAt_bernoulliMaximizer
AUDIT_DECLARATION ProjectionChannels.hasDerivAt_cauchyTransform_of_separation
AUDIT_DECLARATION ProjectionChannels.hasDerivAt_deriv_bernoulliCost
AUDIT_DECLARATION ProjectionChannels.hasDerivAt_deriv_bernoulliCost_rpow
AUDIT_DECLARATION ProjectionChannels.hasDerivAt_deriv_bernoulliDual
AUDIT_DECLARATION ProjectionChannels.hasDerivAt_realCauchyTransform_right
AUDIT_DECLARATION ProjectionChannels.hermitian_sandwich
AUDIT_DECLARATION ProjectionChannels.holomorphic_imaginary_bound_on_compact
AUDIT_DECLARATION ProjectionChannels.integrable_bernoulliMeasure
AUDIT_DECLARATION ProjectionChannels.integrable_cauchyKernel
AUDIT_DECLARATION ProjectionChannels.integrable_poissonKernel_left
AUDIT_DECLARATION ProjectionChannels.integrable_poissonKernel_prod
AUDIT_DECLARATION ProjectionChannels.integrable_realCauchyKernel
AUDIT_DECLARATION ProjectionChannels.integrable_realCauchyKernel_left
AUDIT_DECLARATION ProjectionChannels.integral_bernoulliMeasure
AUDIT_DECLARATION ProjectionChannels.integral_scalarBernoulliMeasure
AUDIT_DECLARATION ProjectionChannels.inverse_cauchy_finite_endpoint_deriv_eq_zero
AUDIT_DECLARATION ProjectionChannels.inverse_cauchy_germ_extends_right
AUDIT_DECLARATION ProjectionChannels.inverse_sqrt_largest_le_iff
AUDIT_DECLARATION ProjectionChannels.inverse_sqrt_normalizes
AUDIT_DECLARATION ProjectionChannels.inverse_sqrt_threshold
AUDIT_DECLARATION ProjectionChannels.invertible_hermitian_congruence_iff
AUDIT_DECLARATION ProjectionChannels.isOpen_matrix_rank_ge
AUDIT_DECLARATION ProjectionChannels.l1_parameter_dist
AUDIT_DECLARATION ProjectionChannels.largestEigenvalue
AUDIT_DECLARATION ProjectionChannels.largest_compare
AUDIT_DECLARATION ProjectionChannels.largest_le_iff
AUDIT_DECLARATION ProjectionChannels.largest_le_iff_shift_posSemidef
AUDIT_DECLARATION ProjectionChannels.levelProjection
AUDIT_DECLARATION ProjectionChannels.levelProjection_idempotent
AUDIT_DECLARATION ProjectionChannels.levelProjection_isHermitian
AUDIT_DECLARATION ProjectionChannels.levelProjection_trace
AUDIT_DECLARATION ProjectionChannels.matrixCStarAlgebra
AUDIT_DECLARATION ProjectionChannels.matrixTensorIdentity
AUDIT_DECLARATION ProjectionChannels.matrixTensorIdentity_injective
AUDIT_DECLARATION ProjectionChannels.matrixUnit_block_insertion
AUDIT_DECLARATION ProjectionChannels.matrixUnit_expansion
AUDIT_DECLARATION ProjectionChannels.measurableSet_matrix_rank_eq
AUDIT_DECLARATION ProjectionChannels.measurableSet_traceB_rank_eq
AUDIT_DECLARATION ProjectionChannels.measurable_matrix_rank
AUDIT_DECLARATION ProjectionChannels.measurable_traceB_rank
AUDIT_DECLARATION ProjectionChannels.monotoneOn_bernoulliBudget
AUDIT_DECLARATION ProjectionChannels.negative_positive_coefficients_bodySupport
AUDIT_DECLARATION ProjectionChannels.no_real_holomorphic_continuation_at_support
AUDIT_DECLARATION ProjectionChannels.no_real_holomorphic_right_continuation_at_support
AUDIT_DECLARATION ProjectionChannels.norm_kronecker_identity
AUDIT_DECLARATION ProjectionChannels.norm_shift_amplified_diagonalTrace
AUDIT_DECLARATION ProjectionChannels.norm_shift_eq_largest
AUDIT_DECLARATION ProjectionChannels.normalized_blockCompression_threshold
AUDIT_DECLARATION ProjectionChannels.normalized_compression_convergence
AUDIT_DECLARATION ProjectionChannels.normalizer_largest_le_iff
AUDIT_DECLARATION ProjectionChannels.objective_cube_difference
AUDIT_DECLARATION ProjectionChannels.oneHighEntropy
AUDIT_DECLARATION ProjectionChannels.oneHighEntropy_antitoneOn
AUDIT_DECLARATION ProjectionChannels.oneHighEntropy_eq_qaryEntropy
AUDIT_DECLARATION ProjectionChannels.outputFirst_partialTrace
AUDIT_DECLARATION ProjectionChannels.poissonKernel
AUDIT_DECLARATION ProjectionChannels.poissonKernel_le_inv
AUDIT_DECLARATION ProjectionChannels.poissonKernel_local_lower
AUDIT_DECLARATION ProjectionChannels.poissonKernel_nonneg
AUDIT_DECLARATION ProjectionChannels.poissonKernel_window_integral
AUDIT_DECLARATION ProjectionChannels.poisson_interval_mass_lower
AUDIT_DECLARATION ProjectionChannels.posSemidef_finite_sum
AUDIT_DECLARATION ProjectionChannels.posSemidef_real_smul
AUDIT_DECLARATION ProjectionChannels.positive_sqrt_isUnit
AUDIT_DECLARATION ProjectionChannels.projection_complement_posSemidef
AUDIT_DECLARATION ProjectionChannels.projection_diagonalBlock_contraction
AUDIT_DECLARATION ProjectionChannels.projection_posSemidef
AUDIT_DECLARATION ProjectionChannels.randomCompressionStatement
AUDIT_DECLARATION ProjectionChannels.random_compression_from_amplified_block_strong
AUDIT_DECLARATION ProjectionChannels.random_compression_from_block_strong
AUDIT_DECLARATION ProjectionChannels.realCauchyTransform
AUDIT_DECLARATION ProjectionChannels.realCauchyTransform_bernoulli
AUDIT_DECLARATION ProjectionChannels.realCauchyTransform_deriv_neg
AUDIT_DECLARATION ProjectionChannels.realCauchyTransform_dilated_bernoulli
AUDIT_DECLARATION ProjectionChannels.realCauchyTransform_exists_eq_of_lt
AUDIT_DECLARATION ProjectionChannels.realCauchyTransform_le
AUDIT_DECLARATION ProjectionChannels.realCauchyTransform_map_neg
AUDIT_DECLARATION ProjectionChannels.realCauchyTransform_neg_left
AUDIT_DECLARATION ProjectionChannels.realCauchyTransform_pos
AUDIT_DECLARATION ProjectionChannels.realCauchyTransform_range_bounded
AUDIT_DECLARATION ProjectionChannels.realCauchyTransform_range_unbounded
AUDIT_DECLARATION ProjectionChannels.realCauchyTransform_strictAntiOn
AUDIT_DECLARATION ProjectionChannels.realCauchyTransform_tendsto_right_edge_bounded
AUDIT_DECLARATION ProjectionChannels.realCauchyTransform_tendsto_right_edge_unbounded
AUDIT_DECLARATION ProjectionChannels.realCauchyTransform_tendsto_zero
AUDIT_DECLARATION ProjectionChannels.realMeasureSupport
AUDIT_DECLARATION ProjectionChannels.realMeasureSupport_abs_le
AUDIT_DECLARATION ProjectionChannels.realMeasureSupport_le
AUDIT_DECLARATION ProjectionChannels.real_scalar_shift_hermitian
AUDIT_DECLARATION ProjectionChannels.rotatedCompressionHermitian
AUDIT_DECLARATION ProjectionChannels.rotatedCompression_eigenvalue_upper
AUDIT_DECLARATION ProjectionChannels.scalarBernoulliMeasure
AUDIT_DECLARATION ProjectionChannels.scalarBernoulliMeasure_abs_sSup
AUDIT_DECLARATION ProjectionChannels.scalarBernoulliMeasure_eq
AUDIT_DECLARATION ProjectionChannels.scalarBernoulliMeasure_isFreeSumLaw
AUDIT_DECLARATION ProjectionChannels.scalarBernoulliMeasure_isProbability
AUDIT_DECLARATION ProjectionChannels.scalarBernoulliMeasure_support
AUDIT_DECLARATION ProjectionChannels.scalar_cauchy
AUDIT_DECLARATION ProjectionChannels.scalar_shift_spectral
AUDIT_DECLARATION ProjectionChannels.scalar_unitaryDiagonal
AUDIT_DECLARATION ProjectionChannels.spectralProjection_partialTrace
AUDIT_DECLARATION ProjectionChannels.spectralTrace_eq_sum_eigenvalues
AUDIT_DECLARATION ProjectionChannels.spectralTrace_scalar_projection
AUDIT_DECLARATION ProjectionChannels.strictAntiOn_bernoulliK_of_endpoint_le
AUDIT_DECLARATION ProjectionChannels.strictConvexOn_bernoulliCost
AUDIT_DECLARATION ProjectionChannels.strictMonoOn_bernoulliBudget
AUDIT_DECLARATION ProjectionChannels.strictMonoOn_deriv_bernoulliCost
AUDIT_DECLARATION ProjectionChannels.strictMono_bernoulliMaximizer
AUDIT_DECLARATION ProjectionChannels.sum_eigenvalues_scalar_projection
AUDIT_DECLARATION ProjectionChannels.support_shift_norm
AUDIT_DECLARATION ProjectionChannels.tendsto_bernoulliBudget_zero
AUDIT_DECLARATION ProjectionChannels.tendsto_bernoulliK_atTop
AUDIT_DECLARATION ProjectionChannels.tendsto_bernoulliMaximizer_atBot
AUDIT_DECLARATION ProjectionChannels.tendsto_bernoulliMaximizer_atTop
AUDIT_DECLARATION ProjectionChannels.tendsto_bernoulliMaximizer_scaled
AUDIT_DECLARATION ProjectionChannels.tendsto_bernoulliProfile_atTop
AUDIT_DECLARATION ProjectionChannels.tendsto_bernoulli_objective_atTop
AUDIT_DECLARATION ProjectionChannels.tendsto_deriv_bernoulliCost_one
AUDIT_DECLARATION ProjectionChannels.tendsto_deriv_bernoulliCost_zero
AUDIT_DECLARATION ProjectionChannelsCP.CompletelyPositive
AUDIT_DECLARATION ProjectionChannelsCP.TracePreserving
AUDIT_DECLARATION ProjectionChannelsCP.amplified_kraus_term
AUDIT_DECLARATION ProjectionChannelsCP.amplify
AUDIT_DECLARATION ProjectionChannelsCP.amplify_bell
AUDIT_DECLARATION ProjectionChannelsCP.bellColumn
AUDIT_DECLARATION ProjectionChannelsCP.bell_block
AUDIT_DECLARATION ProjectionChannelsCP.channel_gram_kraus
AUDIT_DECLARATION ProjectionChannelsCP.choiChannel
AUDIT_DECLARATION ProjectionChannelsCP.choiInput_choiChannel
AUDIT_DECLARATION ProjectionChannelsCP.choi_posSemidef_of_completelyPositive
AUDIT_DECLARATION ProjectionChannelsCP.completelyPositive_iff_choi_posSemidef
AUDIT_DECLARATION ProjectionChannelsCP.completelyPositive_of_choi_posSemidef
AUDIT_DECLARATION ProjectionChannelsCP.completelyPositive_of_kraus
AUDIT_DECLARATION ProjectionChannelsCP.generalizedChoi
AUDIT_DECLARATION ProjectionChannelsCP.generalizedChoi_is_quantumChannel
AUDIT_DECLARATION ProjectionChannelsCP.generalizedChoi_positive_rescaling
AUDIT_DECLARATION ProjectionChannelsCP.krausOperator
AUDIT_DECLARATION ProjectionChannelsCP.posDef_real_smul
AUDIT_DECLARATION ProjectionChannelsCP.posSemidef_real_smul
AUDIT_DECLARATION ProjectionChannelsCP.posSemidef_sum
AUDIT_DECLARATION ProjectionChannelsCP.positive_sqrt_real_smul
AUDIT_DECLARATION ProjectionChannelsCP.quantumChannel_iff_choi
AUDIT_DECLARATION ProjectionChannelsCP.scaled_marginal_posDef
AUDIT_DECLARATION ProjectionChannelsCP.traceB_smul
AUDIT_DECLARATION ProjectionChannelsCP.tracePreserving_iff_choi_partialTrace
AUDIT_DECLARATION ProjectionOrbit.eigenvalues_zero_or_one
AUDIT_DECLARATION ProjectionOrbit.exists_matching_eigenvalue_permutation
AUDIT_DECLARATION ProjectionOrbit.exists_unitary_conjugate
AUDIT_DECLARATION ProjectionOrbit.permuteColumns
AUDIT_DECLARATION ProjectionOrbit.permuteColumns_diagonalization
AUDIT_DECLARATION ProjectionStrongConvergence.eventually_proper_projection
AUDIT_DECLARATION ProjectionStrongConvergence.matrixCStarAlgebra
AUDIT_DECLARATION ProjectionStrongConvergence.norm_polynomial_projection
AUDIT_DECLARATION ProjectionStrongConvergence.normalizedTrace
AUDIT_DECLARATION ProjectionStrongConvergence.normalizedTrace_polynomial_projection
AUDIT_DECLARATION ProjectionStrongConvergence.polynomial_projection
AUDIT_DECLARATION ProjectionStrongConvergence.projection_polynomial_norm_eventually
AUDIT_DECLARATION ProjectionStrongConvergence.projection_polynomial_trace_tendsto
AUDIT_DECLARATION ProjectionStrongConvergence.projections_strongly_converge_to_bernoulli
AUDIT_DECLARATION ProjectionStrongConvergence.spectrum_projection_endpoints
AUDIT_DECLARATION ProjectionStrongConvergence.spectrum_projection_subset
AUDIT_DECLARATION ProjectionStrongConvergence.trace_projection_eq_rank
AUDIT_DECLARATION RevisionBell.ae_bell_limit_and_choi_purity
AUDIT_DECLARATION RevisionBell.ae_bilinear_tendsto_of_selfAdjoint_diagonal
AUDIT_DECLARATION RevisionBell.ae_choi_mixed_moments_of_hermitian_square_limits
AUDIT_DECLARATION RevisionBell.ae_matrixLogPotential_affine_tendsto
AUDIT_DECLARATION RevisionBell.ae_mixed_trace_limit_of_hermitian_square_limits
AUDIT_DECLARATION RevisionBell.ae_normalized_choi_mixed_moments
AUDIT_DECLARATION RevisionBell.ae_normalized_square_moment_limit
AUDIT_DECLARATION RevisionBell.ae_rotated_logPotential_tendsto
AUDIT_DECLARATION RevisionBell.affine_eigenvalues_pos
AUDIT_DECLARATION RevisionBell.affine_matrix_spectral
AUDIT_DECLARATION RevisionBell.asymptotic_choi_purity
AUDIT_DECLARATION RevisionBell.bellOutput
AUDIT_DECLARATION RevisionBell.bellOutput_entry
AUDIT_DECLARATION RevisionBell.bellState
AUDIT_DECLARATION RevisionBell.bellState_eq_scaled_column
AUDIT_DECLARATION RevisionBell.bellState_mem_densityMatrices
AUDIT_DECLARATION RevisionBell.bellState_posSemidef
AUDIT_DECLARATION RevisionBell.bellState_trace
AUDIT_DECLARATION RevisionBell.bell_operator_norm_limit_of_mixed_moments
AUDIT_DECLARATION RevisionBell.bell_output_and_purity_limit
AUDIT_DECLARATION RevisionBell.bell_output_limit
AUDIT_DECLARATION RevisionBell.bernoulliDual_add_parameter_pos
AUDIT_DECLARATION RevisionBell.bernoulliMaximizer_quadratic_derivative
AUDIT_DECLARATION RevisionBell.bernoulliPrimitive
AUDIT_DECLARATION RevisionBell.bernoulliPrimitive_zero
AUDIT_DECLARATION RevisionBell.bernoulliR_continuous_formula
AUDIT_DECLARATION RevisionBell.bernoulli_inverse_germ_extends_left
AUDIT_DECLARATION RevisionBell.bernoulli_law_inverse_left
AUDIT_DECLARATION RevisionBell.bernoulli_law_logPotential_identity
AUDIT_DECLARATION RevisionBell.bernoulli_law_zero_root
AUDIT_DECLARATION RevisionBell.bernoulli_logPotential_eventually_differentiable
AUDIT_DECLARATION RevisionBell.bernoulli_logPotential_hessian
AUDIT_DECLARATION RevisionBell.bernoulli_logPotential_hessian_of_positive_laws
AUDIT_DECLARATION RevisionBell.bernoulli_logPotential_root_model
AUDIT_DECLARATION RevisionBell.bilinear_polarization
AUDIT_DECLARATION RevisionBell.bilinear_tendsto_of_selfAdjoint_diagonal
AUDIT_DECLARATION RevisionBell.cauchy_tendsto_zero_left
AUDIT_DECLARATION RevisionBell.centralDifference_sequence_tendsto
AUDIT_DECLARATION RevisionBell.centralDifference_tendsto_second_derivative
AUDIT_DECLARATION RevisionBell.channel_entrywiseConjugate
AUDIT_DECLARATION RevisionBell.channel_normalizedChoi
AUDIT_DECLARATION RevisionBell.choiAdjoint
AUDIT_DECLARATION RevisionBell.choiAdjoint_eq_contraction
AUDIT_DECLARATION RevisionBell.choiAdjoint_matrixUnit
AUDIT_DECLARATION RevisionBell.choiAdjoint_normalizedChoi
AUDIT_DECLARATION RevisionBell.choiChannel_CP_TP
AUDIT_DECLARATION RevisionBell.choiInput_channel
AUDIT_DECLARATION RevisionBell.choi_mixed_moments_of_hermitian_square_limits
AUDIT_DECLARATION RevisionBell.choi_purity_limit_of_mixed_moments
AUDIT_DECLARATION RevisionBell.clippedLog
AUDIT_DECLARATION RevisionBell.clippedLog_bounded
AUDIT_DECLARATION RevisionBell.clippedLog_eq_log
AUDIT_DECLARATION RevisionBell.conjugateMap_comp
AUDIT_DECLARATION RevisionBell.contDiff_bernoulliDual
AUDIT_DECLARATION RevisionBell.contDiff_rootEquation
AUDIT_DECLARATION RevisionBell.continuous_bernoulliR
AUDIT_DECLARATION RevisionBell.continuous_clippedLog
AUDIT_DECLARATION RevisionBell.contraction_affine
AUDIT_DECLARATION RevisionBell.contraction_eq_block_sum
AUDIT_DECLARATION RevisionBell.contraction_negative_affine
AUDIT_DECLARATION RevisionBell.contraction_normalizedChoi
AUDIT_DECLARATION RevisionBell.det_affine_eq_prod
AUDIT_DECLARATION RevisionBell.det_affine_ne_zero
AUDIT_DECLARATION RevisionBell.differentiableAt_cauchyTransform_left
AUDIT_DECLARATION RevisionBell.differentiableOn_cauchyTransform_left
AUDIT_DECLARATION RevisionBell.eigenvalue_abs_le_operator_norm
AUDIT_DECLARATION RevisionBell.entrywiseConjugate_posSemidef
AUDIT_DECLARATION RevisionBell.eventually_positive_coefficients
AUDIT_DECLARATION RevisionBell.exists_central_steps
AUDIT_DECLARATION RevisionBell.exists_contDiff_root
AUDIT_DECLARATION RevisionBell.exists_smooth_bernoulli_root
AUDIT_DECLARATION RevisionBell.exists_smooth_bernoulli_root_general
AUDIT_DECLARATION RevisionBell.hasDerivAt_bernoulliPrimitive
AUDIT_DECLARATION RevisionBell.hasDerivAt_bernoulliR_ne_zero
AUDIT_DECLARATION RevisionBell.hasDerivAt_deriv_rootLogExpression
AUDIT_DECLARATION RevisionBell.hasDerivAt_inverse_cauchy_primitive
AUDIT_DECLARATION RevisionBell.hasDerivAt_logPotential
AUDIT_DECLARATION RevisionBell.hasDerivAt_realCauchyTransform_left
AUDIT_DECLARATION RevisionBell.hasDerivAt_rootLogExpression
AUDIT_DECLARATION RevisionBell.hasFDerivAt_rootEquation_traceless
AUDIT_DECLARATION RevisionBell.hermitian_trace_real
AUDIT_DECLARATION RevisionBell.hessianTraceForm
AUDIT_DECLARATION RevisionBell.hessianTraceForm_apply
AUDIT_DECLARATION RevisionBell.hessianTraceForm_symmetric
AUDIT_DECLARATION RevisionBell.hessian_entry_eq_isotropic
AUDIT_DECLARATION RevisionBell.integrable_logPotential_kernel
AUDIT_DECLARATION RevisionBell.inverseCauchyLogPrimitive
AUDIT_DECLARATION RevisionBell.inverseCauchyLogPrimitive_normalized
AUDIT_DECLARATION RevisionBell.inverse_cauchy_germ_extends_left
AUDIT_DECLARATION RevisionBell.isotropic
AUDIT_DECLARATION RevisionBell.isotropic_entry
AUDIT_DECLARATION RevisionBell.linearMap_entry_expansion
AUDIT_DECLARATION RevisionBell.linearMap_eq_of_matrixUnit
AUDIT_DECLARATION RevisionBell.logAbsDet_affine_eq_sum
AUDIT_DECLARATION RevisionBell.logPotential
AUDIT_DECLARATION RevisionBell.logPotential_normalization_bound
AUDIT_DECLARATION RevisionBell.logPotential_normalized_tendsto_atBot
AUDIT_DECLARATION RevisionBell.logPotential_unique_primitive
AUDIT_DECLARATION RevisionBell.log_kernel_normalization_bound
AUDIT_DECLARATION RevisionBell.matrixLogPotential
AUDIT_DECLARATION RevisionBell.matrixLogPotential_central_remainder
AUDIT_DECLARATION RevisionBell.matrixUnit_mul_trace
AUDIT_DECLARATION RevisionBell.matrixUnit_prod
AUDIT_DECLARATION RevisionBell.matrixUnit_trace
AUDIT_DECLARATION RevisionBell.matrix_square_moment_limit
AUDIT_DECLARATION RevisionBell.matrix_square_moment_limit_eventual_normalization
AUDIT_DECLARATION RevisionBell.mixed_trace_limit_of_hermitian_square_limits
AUDIT_DECLARATION RevisionBell.normalizedChoi
AUDIT_DECLARATION RevisionBell.normalizedChoi_block
AUDIT_DECLARATION RevisionBell.normalizedChoi_isHermitian_unconditionally
AUDIT_DECLARATION RevisionBell.normalizedChoi_posSemidef
AUDIT_DECLARATION RevisionBell.normalizedLogAbsDet
AUDIT_DECLARATION RevisionBell.normalizedLogAbsDet_affine_congruence
AUDIT_DECLARATION RevisionBell.normalizedLogAbsDet_central_remainder
AUDIT_DECLARATION RevisionBell.normalizedLogAbsDet_congruence
AUDIT_DECLARATION RevisionBell.normalizedLogAbsDet_eq_spectralMean
AUDIT_DECLARATION RevisionBell.normalizedLogAbsDet_local_central_remainder
AUDIT_DECLARATION RevisionBell.normalizedOutput_bell_eq
AUDIT_DECLARATION RevisionBell.normalizedOutput_bell_mem_densityMatrices
AUDIT_DECLARATION RevisionBell.normalizedTraceForm
AUDIT_DECLARATION RevisionBell.normalizedTraceForm_apply
AUDIT_DECLARATION RevisionBell.normalizedTraceForm_symmetric
AUDIT_DECLARATION RevisionBell.normalized_cauchy_bound_left
AUDIT_DECLARATION RevisionBell.normalized_cauchy_kernel_bound
AUDIT_DECLARATION RevisionBell.normalized_cauchy_tendsto_one_left
AUDIT_DECLARATION RevisionBell.normalized_channel_bell_limit_of_square_moments
AUDIT_DECLARATION RevisionBell.normalized_choi_mixed_moment_limit
AUDIT_DECLARATION RevisionBell.operator_norm_tendsto_zero_of_entries
AUDIT_DECLARATION RevisionBell.positive_affine_coefficients
AUDIT_DECLARATION RevisionBell.real_square_moment_limit_to_complex
AUDIT_DECLARATION RevisionBell.rootEquation
AUDIT_DECLARATION RevisionBell.rootEquation_strictMono
AUDIT_DECLARATION RevisionBell.rootLogExpression
AUDIT_DECLARATION RevisionBell.rootLogExpression_hessian
AUDIT_DECLARATION RevisionBell.rootLogExpression_traceless_hessian
AUDIT_DECLARATION RevisionBell.root_derivative
AUDIT_DECLARATION RevisionBell.root_derivative_zero
AUDIT_DECLARATION RevisionBell.root_hessian_coefficient
AUDIT_DECLARATION RevisionBell.rotatedCompression_affine
AUDIT_DECLARATION RevisionBell.spectral_log_mean_tendsto
AUDIT_DECLARATION RevisionBell.spectral_log_mean_tendsto_of_clipped
AUDIT_DECLARATION RevisionBell.tensorLinearMap
AUDIT_DECLARATION RevisionBell.tensorMap
AUDIT_DECLARATION RevisionBell.tensorMap_comp
AUDIT_DECLARATION RevisionBell.tensorMap_eq_amplify_swap
AUDIT_DECLARATION RevisionBell.tensorMap_kronecker
AUDIT_DECLARATION RevisionBell.tensorMap_posSemidef
AUDIT_DECLARATION RevisionBell.tensorMap_trace
AUDIT_DECLARATION RevisionBell.tensor_choi_conjugate_mem_densityMatrices
AUDIT_DECLARATION RevisionBell.tensor_conjugate_bell_entry
AUDIT_DECLARATION RevisionBell.traceB_entrywiseConjugate
AUDIT_DECLARATION RevisionBell.trace_amplify
AUDIT_DECLARATION RevisionBell.trace_eq_eigenvalue_sum
AUDIT_DECLARATION RevisionBell.trace_re_eq_eigenvalue_sum
AUDIT_DECLARATION RevisionBell.trace_square_eq_eigenvalue_squares
AUDIT_DECLARATION RevisionBell.trace_square_re_eq_eigenvalue_squares
AUDIT_DECLARATION RevisionBell.trace_submatrix_swap
AUDIT_DECLARATION RevisionMain.ae_marginalNormalizer_normalizes
AUDIT_DECLARATION RevisionMain.antisymmetricBellLimit
AUDIT_DECLARATION RevisionMain.antisymmetricBellLimit_entropy
AUDIT_DECLARATION RevisionMain.antisymmetricNormalizedChannel
AUDIT_DECLARATION RevisionMain.completelyPositive_comp
AUDIT_DECLARATION RevisionMain.completelyPositive_posSemidef
AUDIT_DECLARATION RevisionMain.exists_nonadditive_channel_of_postprocessed_body_gap
AUDIT_DECLARATION RevisionMain.normalizedChannel
AUDIT_DECLARATION RevisionMain.normalizedChannel_apply
AUDIT_DECLARATION RevisionMain.normalizedChannel_coe
AUDIT_DECLARATION RevisionMain.normalizedChannel_quantumChannel
AUDIT_DECLARATION RevisionMain.postprocessed_bell_output_entropy_limit
AUDIT_DECLARATION RevisionMain.postprocessed_entropy_continuousOn
AUDIT_DECLARATION RevisionMain.postprocessed_eventual_nonadditivity
AUDIT_DECLARATION RevisionMain.postprocessed_minimum_output_entropy_limit
AUDIT_DECLARATION RevisionMain.postprocessed_normalizedChannel_bell
AUDIT_DECLARATION RevisionMain.quantumChannel_conjugate
AUDIT_DECLARATION RevisionMain.quantumChannel_density
AUDIT_DECLARATION RevisionMain.quantum_channel_eventual_nonadditivity
AUDIT_DECLARATION RevisionMain.tensor_conjugate_comp
AUDIT_DECLARATION RevisionMain.tensor_conjugate_normalizedChannel_comp
AUDIT_DECLARATION RevisionMain.theorem_I_1
AUDIT_DECLARATION RevisionMain.theorem_V_1_bell_asymptotics
AUDIT_DECLARATION RevisionMain.theorem_V_1_fixed_k
AUDIT_DECLARATION RevisionMain.theorem_V_1_single_asymptotics
AUDIT_DECLARATION RevisionMain.tracePreserving_comp
AUDIT_DECLARATION RevisionMatrixEntropy.actual_bell_output_entropy_limit
AUDIT_DECLARATION RevisionMatrixEntropy.actual_minimum_output_entropy_limit
AUDIT_DECLARATION RevisionMatrixEntropy.bellState_idempotent
AUDIT_DECLARATION RevisionMatrixEntropy.cfc_unitaryDiagonal
AUDIT_DECLARATION RevisionMatrixEntropy.conjugateUnitary
AUDIT_DECLARATION RevisionMatrixEntropy.corollary_IV_2_asymptotics
AUDIT_DECLARATION RevisionMatrixEntropy.corollary_IV_2_fixed_k
AUDIT_DECLARATION RevisionMatrixEntropy.density_power_trace_pos
AUDIT_DECLARATION RevisionMatrixEntropy.diagonalizationMap
AUDIT_DECLARATION RevisionMatrixEntropy.diagonalizationMap_continuous
AUDIT_DECLARATION RevisionMatrixEntropy.diagonalizationMap_surjective
AUDIT_DECLARATION RevisionMatrixEntropy.entropy_image_bddBelow
AUDIT_DECLARATION RevisionMatrixEntropy.entropy_image_conjugateMap
AUDIT_DECLARATION RevisionMatrixEntropy.entrywiseConjugate_density
AUDIT_DECLARATION RevisionMatrixEntropy.entrywiseConjugate_image_density
AUDIT_DECLARATION RevisionMatrixEntropy.entrywiseConjugate_involutive
AUDIT_DECLARATION RevisionMatrixEntropy.entrywiseConjugate_mul
AUDIT_DECLARATION RevisionMatrixEntropy.entrywiseConjugate_one
AUDIT_DECLARATION RevisionMatrixEntropy.entrywiseConjugate_star
AUDIT_DECLARATION RevisionMatrixEntropy.entrywiseConjugate_unitaryDiagonal
AUDIT_DECLARATION RevisionMatrixEntropy.eventual_nonadditivity_182
AUDIT_DECLARATION RevisionMatrixEntropy.exists_quantum_channels_182
AUDIT_DECLARATION RevisionMatrixEntropy.isotropic_entropy_eq_bell_spectrum
AUDIT_DECLARATION RevisionMatrixEntropy.isotropic_shannon_182
AUDIT_DECLARATION RevisionMatrixEntropy.matrixRenyiEntropy
AUDIT_DECLARATION RevisionMatrixEntropy.matrixRenyiEntropy_affine_rankOne
AUDIT_DECLARATION RevisionMatrixEntropy.matrixRenyiEntropy_continuousOn
AUDIT_DECLARATION RevisionMatrixEntropy.matrixRenyiEntropy_entrywiseConjugate
AUDIT_DECLARATION RevisionMatrixEntropy.matrixRenyiEntropy_eq_eigenvalues
AUDIT_DECLARATION RevisionMatrixEntropy.matrixRenyiEntropy_isotropic
AUDIT_DECLARATION RevisionMatrixEntropy.matrixRenyiEntropy_tendsto_of_eventually_density
AUDIT_DECLARATION RevisionMatrixEntropy.matrixRenyiEntropy_uniformContinuousOn
AUDIT_DECLARATION RevisionMatrixEntropy.matrixRenyiEntropy_unitaryConjugate
AUDIT_DECLARATION RevisionMatrixEntropy.matrixRenyiEntropy_unitaryDiagonal
AUDIT_DECLARATION RevisionMatrixEntropy.matrixRenyiEntropy_unitary_conjugate_diagonal
AUDIT_DECLARATION RevisionMatrixEntropy.matrix_entropy_gap_182
AUDIT_DECLARATION RevisionMatrixEntropy.minimumOutputEntropy
AUDIT_DECLARATION RevisionMatrixEntropy.minimumOutputEntropy_conjugateMap
AUDIT_DECLARATION RevisionMatrixEntropy.minimumOutputEntropy_le_of_density
AUDIT_DECLARATION RevisionMatrixEntropy.minimumOutputEntropy_tensor_bell_le
AUDIT_DECLARATION RevisionMatrixEntropy.normalizedFeasible_eq_Lam_182
AUDIT_DECLARATION RevisionMatrixEntropy.normalizedOutput_minimum_bell_le
AUDIT_DECLARATION RevisionMatrixEntropy.proposition_VI_1
AUDIT_DECLARATION RevisionMatrixEntropy.proposition_VI_1_body
AUDIT_DECLARATION RevisionMatrixEntropy.simplex_power_sum_pos
AUDIT_DECLARATION RevisionMatrixEntropy.spectralBody_entropy_image
AUDIT_DECLARATION RevisionMatrixEntropy.spectralBody_shannon_image
AUDIT_DECLARATION RevisionMatrixEntropy.spectralTrace
AUDIT_DECLARATION RevisionMatrixEntropy.spectralTrace_affine_rankOne
AUDIT_DECLARATION RevisionMatrixEntropy.spectralTrace_continuousOn_density
AUDIT_DECLARATION RevisionMatrixEntropy.spectralTrace_unitaryDiagonal
AUDIT_DECLARATION RevisionMatrixEntropy.tensor_channel_mem_density
AUDIT_DECLARATION RevisionMatrixEntropy.unitaryConjugateDiagonalHom
AUDIT_DECLARATION RevisionMatrixEntropy.unitaryConjugateDiagonalHom_continuous
AUDIT_DECLARATION RevisionMatrixEntropy.unitaryDiagonal
AUDIT_DECLARATION RevisionMatrixEntropy.unitaryDiagonal_affine
AUDIT_DECLARATION RevisionMatrixEntropy.unitaryDiagonal_density
AUDIT_DECLARATION RevisionMatrixEntropy.unitaryDiagonal_hermitian
AUDIT_DECLARATION RevisionMatrixEntropy.unitaryDiagonal_mul
AUDIT_DECLARATION RevisionOutput.Lam_nonnegative_and_sum
AUDIT_DECLARATION RevisionOutput.abs_eigenvalue_le_card_sq_norm
AUDIT_DECLARATION RevisionOutput.abs_matrixSupport_sub_le_traceHausdorff
AUDIT_DECLARATION RevisionOutput.abs_support_sub_le_hausdorffDist
AUDIT_DECLARATION RevisionOutput.actual_output_diagonal_support_tendsto
AUDIT_DECLARATION RevisionOutput.actual_output_hausdorff_from_compression
AUDIT_DECLARATION RevisionOutput.actual_output_hausdorff_from_support
AUDIT_DECLARATION RevisionOutput.actual_output_traceHausdorff_from_compression
AUDIT_DECLARATION RevisionOutput.ae_actual_output_traceHausdorff_from_compression
AUDIT_DECLARATION RevisionOutput.ae_eventually_marginal_posDef
AUDIT_DECLARATION RevisionOutput.ae_eventually_output_density
AUDIT_DECLARATION RevisionOutput.ae_hausdorff_of_pointwise_support
AUDIT_DECLARATION RevisionOutput.amplified_block_input_of_ae_eventually_eq
AUDIT_DECLARATION RevisionOutput.bernoulliSupport_eq_bodySupport
AUDIT_DECLARATION RevisionOutput.channel_posSemidef
AUDIT_DECLARATION RevisionOutput.complex_smul_matrixUnit_decompose
AUDIT_DECLARATION RevisionOutput.conjugate_diagonal_eq_eigenstate_expectation
AUDIT_DECLARATION RevisionOutput.conjugate_shifted_eigenvalues
AUDIT_DECLARATION RevisionOutput.continuous_trace_pairing
AUDIT_DECLARATION RevisionOutput.contraction
AUDIT_DECLARATION RevisionOutput.contraction_diagonal
AUDIT_DECLARATION RevisionOutput.contraction_entry
AUDIT_DECLARATION RevisionOutput.contraction_isHermitian
AUDIT_DECLARATION RevisionOutput.contraction_localConjugate
AUDIT_DECLARATION RevisionOutput.contraction_one
AUDIT_DECLARATION RevisionOutput.contraction_sub_scalar
AUDIT_DECLARATION RevisionOutput.convex_Dset
AUDIT_DECLARATION RevisionOutput.convex_Lam
AUDIT_DECLARATION RevisionOutput.convex_densityMatrices
AUDIT_DECLARATION RevisionOutput.convex_spectralBody
AUDIT_DECLARATION RevisionOutput.costHausdorff
AUDIT_DECLARATION RevisionOutput.costHausdorff_le_mul_hausdorffDist
AUDIT_DECLARATION RevisionOutput.costHausdorff_nonneg
AUDIT_DECLARATION RevisionOutput.densityMatrices
AUDIT_DECLARATION RevisionOutput.densityMatrices_nonempty
AUDIT_DECLARATION RevisionOutput.density_eigenvalues_sum
AUDIT_DECLARATION RevisionOutput.density_entry_norm_le_one
AUDIT_DECLARATION RevisionOutput.density_expectation_isGreatest
AUDIT_DECLARATION RevisionOutput.density_expectation_le
AUDIT_DECLARATION RevisionOutput.density_norm_le_one
AUDIT_DECLARATION RevisionOutput.density_opNorm_witness
AUDIT_DECLARATION RevisionOutput.density_transpose_expectation_isGreatest
AUDIT_DECLARATION RevisionOutput.diagonalBlocks
AUDIT_DECLARATION RevisionOutput.diagonalBlocks_isHermitian
AUDIT_DECLARATION RevisionOutput.diagonal_mem_Lam_of_spectralBody
AUDIT_DECLARATION RevisionOutput.doublyStochastic_mem_Dset
AUDIT_DECLARATION RevisionOutput.doublyStochastic_mem_Lam
AUDIT_DECLARATION RevisionOutput.eigenstate
AUDIT_DECLARATION RevisionOutput.eigenstate_expectation
AUDIT_DECLARATION RevisionOutput.eigenstate_posSemidef
AUDIT_DECLARATION RevisionOutput.eigenstate_trace
AUDIT_DECLARATION RevisionOutput.eigenvector_norm_one
AUDIT_DECLARATION RevisionOutput.eq_of_support_eq
AUDIT_DECLARATION RevisionOutput.exists_abs_eigenvalue_eq_opNorm
AUDIT_DECLARATION RevisionOutput.exists_unit_norming
AUDIT_DECLARATION RevisionOutput.functionalMatrix
AUDIT_DECLARATION RevisionOutput.functionalMatrix_trace
AUDIT_DECLARATION RevisionOutput.haarProjectionLaw_localConjugate_invariant
AUDIT_DECLARATION RevisionOutput.hausdorffDist_eq_supportDistance
AUDIT_DECLARATION RevisionOutput.hausdorffDist_le_of_support_le
AUDIT_DECLARATION RevisionOutput.hausdorffDist_le_traceHausdorff
AUDIT_DECLARATION RevisionOutput.hausdorffDist_tendsto_of_support_tendsto
AUDIT_DECLARATION RevisionOutput.hermitianFunctionalMatrix
AUDIT_DECLARATION RevisionOutput.hermitianFunctionalMatrix_isHermitian
AUDIT_DECLARATION RevisionOutput.hermitianOperatorNorm
AUDIT_DECLARATION RevisionOutput.hermitianOperatorNorm_add_le
AUDIT_DECLARATION RevisionOutput.hermitianOperatorNorm_eq_zero
AUDIT_DECLARATION RevisionOutput.hermitianOperatorNorm_neg
AUDIT_DECLARATION RevisionOutput.hermitianOperatorNorm_nonneg
AUDIT_DECLARATION RevisionOutput.hermitianOperatorNorm_smul
AUDIT_DECLARATION RevisionOutput.hermitianOperatorNorm_zero
AUDIT_DECLARATION RevisionOutput.hermitianTraceNorm
AUDIT_DECLARATION RevisionOutput.hermitianTraceNorm_add_le
AUDIT_DECLARATION RevisionOutput.hermitianTraceNorm_density
AUDIT_DECLARATION RevisionOutput.hermitianTraceNorm_eq
AUDIT_DECLARATION RevisionOutput.hermitianTraceNorm_le
AUDIT_DECLARATION RevisionOutput.hermitianTraceNorm_neg
AUDIT_DECLARATION RevisionOutput.hermitianTraceNorm_nonneg
AUDIT_DECLARATION RevisionOutput.hermitianTraceNorm_smul_le
AUDIT_DECLARATION RevisionOutput.hermitianTraceNorm_zero
AUDIT_DECLARATION RevisionOutput.hermitian_real_smul
AUDIT_DECLARATION RevisionOutput.hermitian_trace_representation
AUDIT_DECLARATION RevisionOutput.isClosed_densityMatrices
AUDIT_DECLARATION RevisionOutput.isClosed_posSemidef
AUDIT_DECLARATION RevisionOutput.isCompact_densityMatrices
AUDIT_DECLARATION RevisionOutput.isCompact_spectralBody
AUDIT_DECLARATION RevisionOutput.isHermitian_of_spectralBody
AUDIT_DECLARATION RevisionOutput.le_support
AUDIT_DECLARATION RevisionOutput.liftedOutputUnitary
AUDIT_DECLARATION RevisionOutput.localConjugate
AUDIT_DECLARATION RevisionOutput.localConjugate_idempotent
AUDIT_DECLARATION RevisionOutput.localConjugate_isHermitian
AUDIT_DECLARATION RevisionOutput.localConjugate_one
AUDIT_DECLARATION RevisionOutput.local_channel_support_threshold
AUDIT_DECLARATION RevisionOutput.local_kronecker_conjTranspose
AUDIT_DECLARATION RevisionOutput.local_kronecker_mul
AUDIT_DECLARATION RevisionOutput.marginalNormalizer
AUDIT_DECLARATION RevisionOutput.matrixSupport
AUDIT_DECLARATION RevisionOutput.matrixSupport_eq_real_support
AUDIT_DECLARATION RevisionOutput.matrixSupport_isGreatest
AUDIT_DECLARATION RevisionOutput.matrix_entry_norm_le_traceNorm
AUDIT_DECLARATION RevisionOutput.mem_add_closedBall_of_support_le
AUDIT_DECLARATION RevisionOutput.mem_add_traceBall_of_support_le
AUDIT_DECLARATION RevisionOutput.mem_iff_le_support
AUDIT_DECLARATION RevisionOutput.negative_constant_bodySupport
AUDIT_DECLARATION RevisionOutput.norm_le_hermitianTraceNorm
AUDIT_DECLARATION RevisionOutput.normalizedOutput
AUDIT_DECLARATION RevisionOutput.normalizedOutput_continuous
AUDIT_DECLARATION RevisionOutput.normalizedOutput_linear_combination
AUDIT_DECLARATION RevisionOutput.normalizedOutput_mem_densityMatrices
AUDIT_DECLARATION RevisionOutput.normalizedOutput_pairing
AUDIT_DECLARATION RevisionOutput.normalizedOutput_posSemidef
AUDIT_DECLARATION RevisionOutput.normalizedOutput_trace
AUDIT_DECLARATION RevisionOutput.normalized_output_support
AUDIT_DECLARATION RevisionOutput.outputSupport
AUDIT_DECLARATION RevisionOutput.outputSupport_localConjugate
AUDIT_DECLARATION RevisionOutput.output_continuous_minimum_limit
AUDIT_DECLARATION RevisionOutput.output_image_convex
AUDIT_DECLARATION RevisionOutput.output_image_nonempty_compact
AUDIT_DECLARATION RevisionOutput.output_space_limit
AUDIT_DECLARATION RevisionOutput.output_space_limit_eventual_from_block_strong
AUDIT_DECLARATION RevisionOutput.output_space_limit_from_block_strong
AUDIT_DECLARATION RevisionOutput.output_space_metric_limit
AUDIT_DECLARATION RevisionOutput.posDef_of_largest_neg_lt_zero
AUDIT_DECLARATION RevisionOutput.raw_normalizedOutput_posSemidef
AUDIT_DECLARATION RevisionOutput.re_trace_conjTranspose_mul
AUDIT_DECLARATION RevisionOutput.re_trace_mul_nonneg
AUDIT_DECLARATION RevisionOutput.re_trace_nonneg
AUDIT_DECLARATION RevisionOutput.real_matrixUnit_expansion
AUDIT_DECLARATION RevisionOutput.real_trace_smul_left
AUDIT_DECLARATION RevisionOutput.regularizeProjection
AUDIT_DECLARATION RevisionOutput.regularizeProjection_eq
AUDIT_DECLARATION RevisionOutput.regularizeProjection_hermitian
AUDIT_DECLARATION RevisionOutput.regularizeProjection_idempotent
AUDIT_DECLARATION RevisionOutput.regularizeProjection_marginal_posDef
AUDIT_DECLARATION RevisionOutput.spectralBody
AUDIT_DECLARATION RevisionOutput.spectralBody_nonempty
AUDIT_DECLARATION RevisionOutput.spectralBody_subset_densityMatrices
AUDIT_DECLARATION RevisionOutput.spectralBody_support
AUDIT_DECLARATION RevisionOutput.spectralBody_support_isGreatest
AUDIT_DECLARATION RevisionOutput.spectral_sign_witness
AUDIT_DECLARATION RevisionOutput.sqrt_congr_of_matrix_eq
AUDIT_DECLARATION RevisionOutput.support
AUDIT_DECLARATION RevisionOutput.supportDistance
AUDIT_DECLARATION RevisionOutput.support_isGreatest
AUDIT_DECLARATION RevisionOutput.support_lipschitz
AUDIT_DECLARATION RevisionOutput.support_sub_le_dual_dist
AUDIT_DECLARATION RevisionOutput.support_sub_le_hausdorffDist
AUDIT_DECLARATION RevisionOutput.traceB_eq_diagonalBlocks
AUDIT_DECLARATION RevisionOutput.traceB_localConjugate
AUDIT_DECLARATION RevisionOutput.traceB_local_cyclic
AUDIT_DECLARATION RevisionOutput.traceBall
AUDIT_DECLARATION RevisionOutput.traceBall_closed
AUDIT_DECLARATION RevisionOutput.traceBall_compact
AUDIT_DECLARATION RevisionOutput.traceBall_convex
AUDIT_DECLARATION RevisionOutput.traceBall_norming_witness
AUDIT_DECLARATION RevisionOutput.traceDualMatrixCStarAlgebra
AUDIT_DECLARATION RevisionOutput.traceHausdorff
AUDIT_DECLARATION RevisionOutput.traceHausdorff_comparison
AUDIT_DECLARATION RevisionOutput.traceHausdorff_eq_matrixSupportDistance
AUDIT_DECLARATION RevisionOutput.traceHausdorff_le_of_matrixSupport_le
AUDIT_DECLARATION RevisionOutput.traceNorm_le_iff_pairing_le
AUDIT_DECLARATION RevisionOutput.trace_cost_directed_bddAbove
AUDIT_DECLARATION RevisionOutput.trace_distance_density_formula
AUDIT_DECLARATION RevisionOutput.trace_eq_sum_eigenvalues
AUDIT_DECLARATION RevisionOutput.trace_mul_vecMulVec
AUDIT_DECLARATION RevisionOutput.trace_operator_duality
AUDIT_DECLARATION RevisionOutput.trace_operator_duality_isGreatest
AUDIT_DECLARATION RevisionOutput.trace_operator_duality_named
AUDIT_DECLARATION RevisionOutput.trace_pairing_abs_le_traceNorm
AUDIT_DECLARATION RevisionOutput.trace_pairing_abs_le_traceNorm_named
AUDIT_DECLARATION RevisionOutput.trace_pairing_in_eigenbasis
AUDIT_DECLARATION RevisionOutput.trace_pairing_le
AUDIT_DECLARATION RevisionOutput.trace_partialTrace_pairing
AUDIT_DECLARATION RevisionOutput.transpose_image_densityMatrices
AUDIT_DECLARATION RevisionOutput.unitaryConjugate
AUDIT_DECLARATION RevisionOutput.unitaryConjugate_comp
AUDIT_DECLARATION RevisionOutput.unitaryConjugate_diagonal_re
AUDIT_DECLARATION RevisionOutput.unitaryConjugate_mem_spectralBody
AUDIT_DECLARATION RevisionOutput.unitaryConjugate_star_self
AUDIT_DECLARATION RevisionOutput.unitaryWeights
AUDIT_DECLARATION RevisionOutput.unitaryWeights_doublyStochastic
AUDIT_DECLARATION RevisionOutput.zero_mem_traceBall
AUDIT_DECLARATION StrongConvergence.ae_norm_and_spectral_tests_of_moments
AUDIT_DECLARATION StrongConvergence.blockCompression_norm_le
AUDIT_DECLARATION StrongConvergence.eventually_lt_norm_of_lt_supportNorm
AUDIT_DECLARATION StrongConvergence.eventually_lt_norm_of_support
AUDIT_DECLARATION StrongConvergence.matrixCStarAlgebra
AUDIT_DECLARATION StrongConvergence.normLowerTest
AUDIT_DECLARATION StrongConvergence.normLowerTest_abs_le_one
AUDIT_DECLARATION StrongConvergence.normLowerTest_continuous
AUDIT_DECLARATION StrongConvergence.normLowerTest_eq_zero
AUDIT_DECLARATION StrongConvergence.normLowerTest_integrable
AUDIT_DECLARATION StrongConvergence.normLowerTest_integral_pos
AUDIT_DECLARATION StrongConvergence.normLowerTest_le_one
AUDIT_DECLARATION StrongConvergence.normLowerTest_nonneg
AUDIT_DECLARATION StrongConvergence.normLowerTest_pos
AUDIT_DECLARATION StrongConvergence.norm_eq_abs_eigenvalue
AUDIT_DECLARATION StrongConvergence.norm_pow_le_trace_even
AUDIT_DECLARATION StrongConvergence.norm_tail_le_expected_trace
AUDIT_DECLARATION StrongConvergence.positive_contraction_norm_le_one
AUDIT_DECLARATION StrongConvergence.projection_compression_norm_le
AUDIT_DECLARATION StrongConvergence.spikeMatrix
AUDIT_DECLARATION StrongConvergence.spikeMatrix_norm
AUDIT_DECLARATION StrongConvergence.spikeMatrix_spectralTrace
AUDIT_DECLARATION StrongConvergence.spikeMatrix_unitaryDiagonal
AUDIT_DECLARATION StrongConvergence.spikeMatrix_weak_spectral_limit
AUDIT_DECLARATION StrongConvergence.spikeProjection
AUDIT_DECLARATION StrongConvergence.spikeProjection_hermitian
AUDIT_DECLARATION StrongConvergence.spikeProjection_idempotent
AUDIT_DECLARATION StrongConvergence.spikeProjection_norm
AUDIT_DECLARATION StrongConvergence.supportNorm_le_liminf_norm
AUDIT_DECLARATION StrongConvergence.trace_pow_re
AUDIT_DECLARATION StrongConvergenceBlock.StarPolynomial
AUDIT_DECLARATION StrongConvergenceBlock.StronglyConverges
AUDIT_DECLARATION StrongConvergenceBlock.amplified_compression_moment
AUDIT_DECLARATION StrongConvergenceBlock.amplify_eq_matrixUnit_polynomial
AUDIT_DECLARATION StrongConvergenceBlock.blockModificationPolynomial
AUDIT_DECLARATION StrongConvergenceBlock.blockVariables
AUDIT_DECLARATION StrongConvergenceBlock.compressionLimit
AUDIT_DECLARATION StrongConvergenceBlock.compression_moment_limit
AUDIT_DECLARATION StrongConvergenceBlock.eval_blockModificationPolynomial
AUDIT_DECLARATION StrongConvergenceBlock.eval_tensorUnits
AUDIT_DECLARATION StrongConvergenceBlock.linearMap_entry_matrixUnits
AUDIT_DECLARATION StrongConvergenceBlock.matrixCStarAlgebra
AUDIT_DECLARATION StrongConvergenceBlock.matrixIdentityTensor
AUDIT_DECLARATION StrongConvergenceBlock.matrixIdentityTensor_injective
AUDIT_DECLARATION StrongConvergenceBlock.matrixTrace
AUDIT_DECLARATION StrongConvergenceBlock.matrixTrace_identity_tensor
AUDIT_DECLARATION StrongConvergenceBlock.matrixTrace_tensor_identity
AUDIT_DECLARATION StrongConvergenceBlock.norm_identity_kronecker
AUDIT_DECLARATION StrongConvergenceBlock.shifted_compression_norm_limit
AUDIT_DECLARATION StrongConvergenceBlock.stronglyConverges_blockModification
AUDIT_DECLARATION StrongConvergenceBlock.tensorUnit
AUDIT_DECLARATION StrongConvergenceBlock.tensorUnit_sandwich_entry
AUDIT_DECLARATION StrongConvergenceBlock.tensorUnits_stronglyConverge
AUDIT_DECLARATION StrongConvergenceBlock.unamplified_compression_moment_limit
AUDIT_DECLARATION StrongConvergenceMoments.ae_matrix_spectral_tests_of_ae_trace_moments
AUDIT_DECLARATION StrongConvergenceMoments.bounded_continuous_integral_tendsto_of_moments
AUDIT_DECLARATION StrongConvergenceMoments.continuous_integral_tendsto_of_moments
AUDIT_DECLARATION StrongConvergenceMoments.empiricalMeasure
AUDIT_DECLARATION StrongConvergenceMoments.empiricalMeasure_ae_mem_Icc
AUDIT_DECLARATION StrongConvergenceMoments.empiricalMeasure_isProbability
AUDIT_DECLARATION StrongConvergenceMoments.empiricalSpectralMeasure
AUDIT_DECLARATION StrongConvergenceMoments.empiricalSpectralMeasure_ae_mem_of_norm_le
AUDIT_DECLARATION StrongConvergenceMoments.empiricalSpectralMeasure_isProbability
AUDIT_DECLARATION StrongConvergenceMoments.empiricalSpectralMeasure_moment
AUDIT_DECLARATION StrongConvergenceMoments.empirical_integral_tendsto_of_moments
AUDIT_DECLARATION StrongConvergenceMoments.integrable_of_continuousOn_of_ae_mem_Icc
AUDIT_DECLARATION StrongConvergenceMoments.integral_difference_le_of_uniform_Icc
AUDIT_DECLARATION StrongConvergenceMoments.integral_empiricalMeasure
AUDIT_DECLARATION StrongConvergenceMoments.integral_polynomial_eq_moments
AUDIT_DECLARATION StrongConvergenceMoments.matrix_spectral_tests_tendsto_of_trace_moments
AUDIT_DECLARATION StrongConvergenceMoments.polynomial_integral_tendsto_of_moments
AUDIT_DECLARATION StrongConvergenceMoments.trace_power_eq_sum_eigenvalues
AUDIT_DECLARATION StrongConvergenceProbability.ae_all_tests_of_summable_dense_deviations
AUDIT_DECLARATION StrongConvergenceProbability.ae_compact_uniform_of_dense_tail_majorants
AUDIT_DECLARATION StrongConvergenceProbability.ae_compact_uniform_of_summable_dense_deviations
AUDIT_DECLARATION StrongConvergenceProbability.ae_countable_norm_limsup_le_of_summable_high_moments
AUDIT_DECLARATION StrongConvergenceProbability.ae_countable_norm_trace_of_centered_tails
AUDIT_DECLARATION StrongConvergenceProbability.ae_countable_norm_upper_of_summable_high_moments
AUDIT_DECLARATION StrongConvergenceProbability.ae_countable_tendsto_of_centered_tails
AUDIT_DECLARATION StrongConvergenceProbability.ae_countable_tendsto_of_geometric_tails
AUDIT_DECLARATION StrongConvergenceProbability.ae_countable_tendsto_of_second_moment_majorants
AUDIT_DECLARATION StrongConvergenceProbability.ae_countable_tendsto_of_summable_deviations
AUDIT_DECLARATION StrongConvergenceProbability.ae_countable_tendsto_of_summable_second_moments
AUDIT_DECLARATION StrongConvergenceProbability.ae_countable_tendsto_of_tail_majorants
AUDIT_DECLARATION StrongConvergenceProbability.norm_tail_le_ofReal_expected_trace
AUDIT_DECLARATION StrongConvergenceProbability.summable_deviations_of_second_moments
AUDIT_DECLARATION StrongConvergenceVarianceBorelCantelli.ae_tendsto_of_eventually_sq_integral_le
AUDIT_DECLARATION StrongConvergenceVarianceBorelCantelli.summable_shifted_inverse_square
AUDIT_DECLARATION StrongConvergenceVarianceBorelCantelli.tail_measure_le_sq_integral
AUDIT_DECLARATION StrongConvergenceVarianceBorelCantelli.tsum_tail_ne_top_of_eventually_sq_integral_le
AUDIT_DECLARATION _private.BernoulliCalculus.0.ProjectionChannels.deltaRadicand_pos
AUDIT_DECLARATION _private.RevisionCoordinateCap.0.ProjectionChannels.unit_circle_coordinate_bound
AUDIT_DECLARATION _private.entropy.Entropy.BellGeneral.0.AppendixB.general_half_bound
AUDIT_DECLARATION _private.entropy.Entropy.BellOne.0.AppendixB.half_bound
AUDIT_DECLARATION AntisymmetricVerification.allLegs.eq_1
AUDIT_DECLARATION AntisymmetricVerification.alternatingSpace._proof_1
AUDIT_DECLARATION AntisymmetricVerification.alternatingSpace._proof_2
AUDIT_DECLARATION AntisymmetricVerification.alternatingSpace._proof_3
AUDIT_DECLARATION AntisymmetricVerification.ancillaEmbedding.eq_1
AUDIT_DECLARATION AntisymmetricVerification.antisymMatrix.eq_1
AUDIT_DECLARATION AntisymmetricVerification.antisymMatrixProduct.eq_1
AUDIT_DECLARATION AntisymmetricVerification.antisymMatrixProduct_coset._proof_1
AUDIT_DECLARATION AntisymmetricVerification.antisymMatrix_isHermitian._proof_1
AUDIT_DECLARATION AntisymmetricVerification.antisymMatrix_mul_tensor_slater._proof_1
AUDIT_DECLARATION AntisymmetricVerification.antisymmetricBellEigenvalue.eq_1
AUDIT_DECLARATION AntisymmetricVerification.antisymmetricChannel.eq_1
AUDIT_DECLARATION AntisymmetricVerification.antisymmetricChannel_bell_entropy._proof_1
AUDIT_DECLARATION AntisymmetricVerification.antisymmetricChannel_bell_entropy_asymptotics._proof_1
AUDIT_DECLARATION AntisymmetricVerification.antisymmetricChannel_bell_weighted_gram._proof_1
AUDIT_DECLARATION AntisymmetricVerification.antisymmetricChannel_eigenmatrix._proof_3
AUDIT_DECLARATION AntisymmetricVerification.antisymmetricChannel_eigenmatrix._proof_4
AUDIT_DECLARATION AntisymmetricVerification.antisymmetricChannel_eigenmatrix_of_unitary._proof_3
AUDIT_DECLARATION AntisymmetricVerification.antisymmetricChannel_eigenmatrix_of_unitary._proof_4
AUDIT_DECLARATION AntisymmetricVerification.antisymmetricChannel_isotropic_eigenspace._proof_1
AUDIT_DECLARATION AntisymmetricVerification.antisymmetricChannel_isotropic_eigenspace._proof_2
AUDIT_DECLARATION AntisymmetricVerification.antisymmetricChannel_isotropic_entropy_ladder._proof_1
AUDIT_DECLARATION AntisymmetricVerification.antisymmetricChannel_isotropic_weighted_gram._proof_1
AUDIT_DECLARATION AntisymmetricVerification.antisymmetricChannel_restriction_conjugate._proof_11
AUDIT_DECLARATION AntisymmetricVerification.antisymmetricChannel_restriction_conjugate._proof_12
AUDIT_DECLARATION AntisymmetricVerification.antisymmetricChannel_restriction_conjugate._proof_13
AUDIT_DECLARATION AntisymmetricVerification.antisymmetricChannel_tensor_one._proof_3
AUDIT_DECLARATION AntisymmetricVerification.antisymmetricChannel_unit_gram._proof_3
AUDIT_DECLARATION AntisymmetricVerification.antisymmetricChannel_unit_gram._proof_4
AUDIT_DECLARATION AntisymmetricVerification.antisymmetric_bell_normalization._proof_1
AUDIT_DECLARATION AntisymmetricVerification.antisymmetric_bell_normalization._proof_2
AUDIT_DECLARATION AntisymmetricVerification.antisymmetric_partialTrace_ladder._proof_1
AUDIT_DECLARATION AntisymmetricVerification.antisymmetrize.eq_1
AUDIT_DECLARATION AntisymmetricVerification.antisymmetrize_of_alternating._proof_1
AUDIT_DECLARATION AntisymmetricVerification.antisymmetrize_oneLeg_formula._proof_1
AUDIT_DECLARATION AntisymmetricVerification.antisymmetrize_recursion._proof_2
AUDIT_DECLARATION AntisymmetricVerification.antisymmetrize_smul._proof_1
AUDIT_DECLARATION AntisymmetricVerification.card_subsetIndex._proof_4
AUDIT_DECLARATION AntisymmetricVerification.compressedTensorMap._proof_1
AUDIT_DECLARATION AntisymmetricVerification.compressedTensorMap._proof_2
AUDIT_DECLARATION AntisymmetricVerification.compressedTensorMap.eq_1
AUDIT_DECLARATION AntisymmetricVerification.compressed_oneLegMatrix_independent._proof_3
AUDIT_DECLARATION AntisymmetricVerification.conjugateLinearMap._proof_1
AUDIT_DECLARATION AntisymmetricVerification.conjugateLinearMap._proof_2
AUDIT_DECLARATION AntisymmetricVerification.conjugateLinearMap.eq_1
AUDIT_DECLARATION AntisymmetricVerification.cosetOperator.eq_1
AUDIT_DECLARATION AntisymmetricVerification.coset_sandwich._proof_1
AUDIT_DECLARATION AntisymmetricVerification.downCoordinates.eq_1
AUDIT_DECLARATION AntisymmetricVerification.eigenSlater.eq_1
AUDIT_DECLARATION AntisymmetricVerification.eigenSlaterBasis.eq_1
AUDIT_DECLARATION AntisymmetricVerification.eigenSlaterInSpace.eq_1
AUDIT_DECLARATION AntisymmetricVerification.exteriorUnitary._proof_1
AUDIT_DECLARATION AntisymmetricVerification.exteriorUnitary._proof_2
AUDIT_DECLARATION AntisymmetricVerification.firstTensorEquiv.eq_1
AUDIT_DECLARATION AntisymmetricVerification.gramEigenspaceEquiv._proof_13
AUDIT_DECLARATION AntisymmetricVerification.gramEigenspaceEquiv._proof_14
AUDIT_DECLARATION AntisymmetricVerification.gramEigenspaceEquiv._proof_15
AUDIT_DECLARATION AntisymmetricVerification.gramEigenspaceEquiv._proof_16
AUDIT_DECLARATION AntisymmetricVerification.gramEigenspaceEquiv._proof_17
AUDIT_DECLARATION AntisymmetricVerification.gram_kernel._proof_18
AUDIT_DECLARATION AntisymmetricVerification.gram_kernel._proof_19
AUDIT_DECLARATION AntisymmetricVerification.gram_kronecker_rows._proof_1
AUDIT_DECLARATION AntisymmetricVerification.gram_ladder_multiplicities._proof_1
AUDIT_DECLARATION AntisymmetricVerification.gram_ladder_multiplicities._proof_2
AUDIT_DECLARATION AntisymmetricVerification.gram_ladder_multiplicities._proof_3
AUDIT_DECLARATION AntisymmetricVerification.gram_ladder_multiplicities._proof_4
AUDIT_DECLARATION AntisymmetricVerification.gram_ladder_multiplicities._proof_5
AUDIT_DECLARATION AntisymmetricVerification.gram_ladder_multiplicities._proof_6
AUDIT_DECLARATION AntisymmetricVerification.gram_ladder_no_other_eigenvalues._proof_1
AUDIT_DECLARATION AntisymmetricVerification.gram_ladder_no_other_eigenvalues._proof_2
AUDIT_DECLARATION AntisymmetricVerification.gram_ladder_no_other_eigenvalues._proof_3
AUDIT_DECLARATION AntisymmetricVerification.gram_ladder_surjective._proof_1
AUDIT_DECLARATION AntisymmetricVerification.gram_ladder_surjective._proof_2
AUDIT_DECLARATION AntisymmetricVerification.hermitian_eigenspace_finrank_eq_count._proof_1
AUDIT_DECLARATION AntisymmetricVerification.hermitian_eigenspace_finrank_eq_count._proof_2
AUDIT_DECLARATION AntisymmetricVerification.hermitian_eigenspace_finrank_eq_count._proof_3
AUDIT_DECLARATION AntisymmetricVerification.hermitian_eigenspace_finrank_eq_count._proof_4
AUDIT_DECLARATION AntisymmetricVerification.hermitian_eigenspace_finrank_eq_count._proof_5
AUDIT_DECLARATION AntisymmetricVerification.hermitian_eigenvalues_covered._proof_1
AUDIT_DECLARATION AntisymmetricVerification.identity_ancilla_kraus._proof_1
AUDIT_DECLARATION AntisymmetricVerification.krausSupermatrix.eq_1
AUDIT_DECLARATION AntisymmetricVerification.ladderMultiplicity.eq_1
AUDIT_DECLARATION AntisymmetricVerification.ladderMultiplicity_cast_eq_dm._proof_1
AUDIT_DECLARATION AntisymmetricVerification.ladderMultiplicity_cast_eq_dm._proof_2
AUDIT_DECLARATION AntisymmetricVerification.ladderValue.eq_1
AUDIT_DECLARATION AntisymmetricVerification.liftedAntisym_mulVec._proof_1
AUDIT_DECLARATION AntisymmetricVerification.matrixUnit_conjTranspose._proof_3
AUDIT_DECLARATION AntisymmetricVerification.matrixVec.eq_1
AUDIT_DECLARATION AntisymmetricVerification.matrix_scalar_shift_eigenspace._proof_1
AUDIT_DECLARATION AntisymmetricVerification.matrix_scalar_smul_eigenspace._proof_1
AUDIT_DECLARATION AntisymmetricVerification.matrix_scalar_smul_eigenspace._proof_2
AUDIT_DECLARATION AntisymmetricVerification.matrix_zero_eigenspace._proof_1
AUDIT_DECLARATION AntisymmetricVerification.oneLeg.eq_1
AUDIT_DECLARATION AntisymmetricVerification.oneLegGram.eq_1
AUDIT_DECLARATION AntisymmetricVerification.oneLegMatrix._proof_1
AUDIT_DECLARATION AntisymmetricVerification.oneLegMatrix._proof_2
AUDIT_DECLARATION AntisymmetricVerification.oneLegMatrix.eq_1
AUDIT_DECLARATION AntisymmetricVerification.oneLegMatrix_zero_product._proof_3
AUDIT_DECLARATION AntisymmetricVerification.oneLeg_pureTensor._proof_1
AUDIT_DECLARATION AntisymmetricVerification.partialTraceLinear._proof_1
AUDIT_DECLARATION AntisymmetricVerification.partialTraceLinear._proof_2
AUDIT_DECLARATION AntisymmetricVerification.partialTrace_hilbertSchmidt_adjoint._proof_1
AUDIT_DECLARATION AntisymmetricVerification.permute.eq_1
AUDIT_DECLARATION AntisymmetricVerification.postprocess.eq_1
AUDIT_DECLARATION AntisymmetricVerification.postprocessRestriction._proof_4
AUDIT_DECLARATION AntisymmetricVerification.postprocessRestriction._proof_5
AUDIT_DECLARATION AntisymmetricVerification.postprocessRestriction._proof_6
AUDIT_DECLARATION AntisymmetricVerification.postprocessRestriction._proof_7
AUDIT_DECLARATION AntisymmetricVerification.postprocessRestriction._proof_8
AUDIT_DECLARATION AntisymmetricVerification.postprocessRestriction.eq_1
AUDIT_DECLARATION AntisymmetricVerification.productEigenspaceEquiv._proof_1
AUDIT_DECLARATION AntisymmetricVerification.productEigenspaceEquiv._proof_10
AUDIT_DECLARATION AntisymmetricVerification.productEigenspaceEquiv._proof_11
AUDIT_DECLARATION AntisymmetricVerification.productEigenspaceEquiv._proof_12
AUDIT_DECLARATION AntisymmetricVerification.productEigenspaceEquiv._proof_2
AUDIT_DECLARATION AntisymmetricVerification.productEigenspaceEquiv._proof_3
AUDIT_DECLARATION AntisymmetricVerification.productEigenspaceEquiv._proof_4
AUDIT_DECLARATION AntisymmetricVerification.productEigenspaceEquiv._proof_5
AUDIT_DECLARATION AntisymmetricVerification.productEigenspaceEquiv._proof_6
AUDIT_DECLARATION AntisymmetricVerification.productEigenspaceEquiv._proof_7
AUDIT_DECLARATION AntisymmetricVerification.productEigenspaceEquiv._proof_8
AUDIT_DECLARATION AntisymmetricVerification.productEigenspaceEquiv._proof_9
AUDIT_DECLARATION AntisymmetricVerification.pureTensor.eq_1
AUDIT_DECLARATION AntisymmetricVerification.reductionKraus.eq_1
AUDIT_DECLARATION AntisymmetricVerification.renyi_subsetIndex._proof_3
AUDIT_DECLARATION AntisymmetricVerification.restriction_trace_hermitian._proof_11
AUDIT_DECLARATION AntisymmetricVerification.restriction_trace_hermitian._proof_12
AUDIT_DECLARATION AntisymmetricVerification.rowSlice.eq_1
AUDIT_DECLARATION AntisymmetricVerification.scaled_compressed_twirl._proof_1
AUDIT_DECLARATION AntisymmetricVerification.signC.eq_1
AUDIT_DECLARATION AntisymmetricVerification.slater.eq_1
AUDIT_DECLARATION AntisymmetricVerification.slaterCoordinateEquiv._proof_10
AUDIT_DECLARATION AntisymmetricVerification.slaterCoordinateEquiv._proof_3
AUDIT_DECLARATION AntisymmetricVerification.slaterCoordinateEquiv._proof_4
AUDIT_DECLARATION AntisymmetricVerification.slaterCoordinateEquiv._proof_5
AUDIT_DECLARATION AntisymmetricVerification.slaterCoordinateEquiv._proof_6
AUDIT_DECLARATION AntisymmetricVerification.slaterCoordinateEquiv._proof_7
AUDIT_DECLARATION AntisymmetricVerification.slaterCoordinateEquiv._proof_8
AUDIT_DECLARATION AntisymmetricVerification.slaterCoordinateEquiv._proof_9
AUDIT_DECLARATION AntisymmetricVerification.slaterDown.eq_1
AUDIT_DECLARATION AntisymmetricVerification.slaterDown_up_formula._proof_1
AUDIT_DECLARATION AntisymmetricVerification.slaterIsometry.eq_1
AUDIT_DECLARATION AntisymmetricVerification.slaterLadderGram.match_1
AUDIT_DECLARATION AntisymmetricVerification.slaterLadderGram_eigenvalues_covered._proof_1
AUDIT_DECLARATION AntisymmetricVerification.slaterLadderGram_spectral_sum._proof_1
AUDIT_DECLARATION AntisymmetricVerification.slaterLadderGram_spectral_sum._proof_2
AUDIT_DECLARATION AntisymmetricVerification.slaterLadderGram_spectral_sum._proof_3
AUDIT_DECLARATION AntisymmetricVerification.slaterProduct.eq_1
AUDIT_DECLARATION AntisymmetricVerification.slaterReductionMatrix.eq_1
AUDIT_DECLARATION AntisymmetricVerification.slaterReductionMatrix_gram_successor._proof_1
AUDIT_DECLARATION AntisymmetricVerification.slaterUp.eq_1
AUDIT_DECLARATION AntisymmetricVerification.standardSlater.eq_1
AUDIT_DECLARATION AntisymmetricVerification.standardVector.eq_1
AUDIT_DECLARATION AntisymmetricVerification.standardVector_eq_single._proof_1
AUDIT_DECLARATION AntisymmetricVerification.subsetEnum._proof_1
AUDIT_DECLARATION AntisymmetricVerification.sum_shuffle._proof_11
AUDIT_DECLARATION AntisymmetricVerification.sum_shuffle._proof_12
AUDIT_DECLARATION AntisymmetricVerification.sum_shuffle._proof_13
AUDIT_DECLARATION AntisymmetricVerification.swapFirstIndex.eq_1
AUDIT_DECLARATION AntisymmetricVerification.swapFirstMatrix.eq_1
AUDIT_DECLARATION AntisymmetricVerification.tailAntisymmetrize._proof_1
AUDIT_DECLARATION AntisymmetricVerification.tailAntisymmetrize.eq_1
AUDIT_DECLARATION AntisymmetricVerification.tensorMatrix.eq_1
AUDIT_DECLARATION AntisymmetricVerification.tensorMatrix_mulVec_injective._proof_1
AUDIT_DECLARATION AntisymmetricVerification.tensorMatrix_pureTensor._proof_1
AUDIT_DECLARATION AntisymmetricVerification.traceA_kronecker_units._proof_3
AUDIT_DECLARATION AntisymmetricVerification.traceA_second_left._proof_1
AUDIT_DECLARATION AntisymmetricVerification.traceA_second_right._proof_1
AUDIT_DECLARATION AntisymmetricVerification.traceA_two_swaps._proof_3
AUDIT_DECLARATION AntisymmetricVerification.upCoordinates.eq_1
AUDIT_DECLARATION AntisymmetricVerification.weightedSlaterReduction.eq_1
AUDIT_DECLARATION AntisymmetricVerification.weightedSlaterReduction_ladder._proof_1
AUDIT_DECLARATION AntisymmetricVerification.weightedSlaterReduction_ladder._proof_2
AUDIT_DECLARATION AppendixB.Bpr.eq_1
AUDIT_DECLARATION AppendixB.D2wm._proof_1
AUDIT_DECLARATION AppendixB.Dset.eq_1
AUDIT_DECLARATION AppendixB.Fp.eq_1
AUDIT_DECLARATION AppendixB.Lam.eq_1
AUDIT_DECLARATION AppendixB.alphaB.eq_1
AUDIT_DECLARATION AppendixB.bellNu.eq_1
AUDIT_DECLARATION AppendixB.bell_output._proof_1
AUDIT_DECLARATION AppendixB.bell_output._proof_10
AUDIT_DECLARATION AppendixB.bell_output._proof_11
AUDIT_DECLARATION AppendixB.bell_output._proof_2
AUDIT_DECLARATION AppendixB.bell_output._proof_3
AUDIT_DECLARATION AppendixB.bell_output._proof_4
AUDIT_DECLARATION AppendixB.bell_output._proof_5
AUDIT_DECLARATION AppendixB.bell_output._proof_6
AUDIT_DECLARATION AppendixB.bell_output._proof_7
AUDIT_DECLARATION AppendixB.bell_output._proof_8
AUDIT_DECLARATION AppendixB.bell_output._proof_9
AUDIT_DECLARATION AppendixB.betaB.eq_1
AUDIT_DECLARATION AppendixB.card_in_out._proof_1
AUDIT_DECLARATION AppendixB.card_in_out._proof_2
AUDIT_DECLARATION AppendixB.choose_le_pow._proof_1
AUDIT_DECLARATION AppendixB.choose_le_pow._proof_2
AUDIT_DECLARATION AppendixB.choose_le_pow._proof_3
AUDIT_DECLARATION AppendixB.choose_le_ratio._proof_1
AUDIT_DECLARATION AppendixB.choose_le_ratio._proof_2
AUDIT_DECLARATION AppendixB.choose_mul_left._proof_1
AUDIT_DECLARATION AppendixB.choose_mul_left._proof_2
AUDIT_DECLARATION AppendixB.choose_mul_right._proof_1
AUDIT_DECLARATION AppendixB.choose_mul_right._proof_2
AUDIT_DECLARATION AppendixB.cp.eq_1
AUDIT_DECLARATION AppendixB.ct.eq_1
AUDIT_DECLARATION AppendixB.dm.eq_1
AUDIT_DECLARATION AppendixB.dm_small._proof_1
AUDIT_DECLARATION AppendixB.dm_small._proof_2
AUDIT_DECLARATION AppendixB.dm_small._proof_3
AUDIT_DECLARATION AppendixB.dm_small._proof_4
AUDIT_DECLARATION AppendixB.dm_small._proof_5
AUDIT_DECLARATION AppendixB.exact_expansion._proof_1
AUDIT_DECLARATION AppendixB.infimumOutputEntropy.eq_1
AUDIT_DECLARATION AppendixB.isCompact_Dset._proof_1
AUDIT_DECLARATION AppendixB.isCompact_Dset._proof_2
AUDIT_DECLARATION AppendixB.isCompact_Dset._proof_3
AUDIT_DECLARATION AppendixB.kappa._proof_1
AUDIT_DECLARATION AppendixB.kappa.eq_1
AUDIT_DECLARATION AppendixB.outputEntropyValues.eq_1
AUDIT_DECLARATION AppendixB.psi.eq_1
AUDIT_DECLARATION AppendixB.quad_coeff._proof_1
AUDIT_DECLARATION AppendixB.quad_coeff._proof_2
AUDIT_DECLARATION AppendixB.quad_coeff._proof_3
AUDIT_DECLARATION AppendixB.quad_coeff._proof_4
AUDIT_DECLARATION AppendixB.quad_coeff._proof_5
AUDIT_DECLARATION AppendixB.quad_coeff._proof_6
AUDIT_DECLARATION AppendixB.quad_coeff._proof_7
AUDIT_DECLARATION AppendixB.quadratic_form._proof_1
AUDIT_DECLARATION AppendixB.renyi.eq_1
AUDIT_DECLARATION AppendixB.rkt.eq_1
AUDIT_DECLARATION AppendixB.shuffle.eq_1
AUDIT_DECLARATION AppendixB.shuffle_pos._proof_1
AUDIT_DECLARATION AppendixB.shuffle_pos._proof_2
AUDIT_DECLARATION AppendixB.shuffle_repr._proof_1
AUDIT_DECLARATION AppendixB.shuffle_repr._proof_2
AUDIT_DECLARATION AppendixB.shuffle_repr._proof_3
AUDIT_DECLARATION AppendixB.single_output._proof_1
AUDIT_DECLARATION AppendixB.single_output._proof_2
AUDIT_DECLARATION AppendixB.single_output._proof_3
AUDIT_DECLARATION AppendixB.single_output._proof_4
AUDIT_DECLARATION AppendixB.single_output._proof_5
AUDIT_DECLARATION AppendixB.subsets.eq_1
AUDIT_DECLARATION AppendixB.trace_identity._proof_1
AUDIT_DECLARATION AppendixB.trace_identity._proof_2
AUDIT_DECLARATION AppendixB.two_spike._proof_1
AUDIT_DECLARATION AppendixB.weighted_choose_sq._proof_1
AUDIT_DECLARATION AppendixB.weighted_choose_sq._proof_2
AUDIT_DECLARATION AppendixB.weighted_choose_sq._proof_3
AUDIT_DECLARATION AppendixB.wm.eq_1
AUDIT_DECLARATION BellLimitVerification.bellEntry.eq_1
AUDIT_DECLARATION BellLimitVerification.bell_overlap_eq_normalized_purity._proof_1
AUDIT_DECLARATION BellLimitVerification.centralDifference._proof_1
AUDIT_DECLARATION BellLimitVerification.centralDifference.eq_1
AUDIT_DECLARATION BellLimitVerification.choiBlock.eq_1
AUDIT_DECLARATION BellLimitVerification.contractionMatrixCStarAlgebra._proof_1
AUDIT_DECLARATION BellLimitVerification.contractionMatrixCStarAlgebra._proof_2
AUDIT_DECLARATION BellLimitVerification.denominator._proof_1
AUDIT_DECLARATION BellLimitVerification.denominator.eq_1
AUDIT_DECLARATION BellLimitVerification.mixing.eq_1
AUDIT_DECLARATION BernoulliEdge.Dset.eq_1
AUDIT_DECLARATION BernoulliEdge.F.eq_1
AUDIT_DECLARATION BernoulliEdge.Scomp.eq_1
AUDIT_DECLARATION BernoulliEdge.Tmap.eq_1
AUDIT_DECLARATION BernoulliEdge.block.eq_1
AUDIT_DECLARATION BernoulliEdge.disc._proof_1
AUDIT_DECLARATION BernoulliEdge.gfun._proof_2
AUDIT_DECLARATION BernoulliEdge.l1dist.eq_1
AUDIT_DECLARATION BernoulliEdge.lamMax_Scomp_antitone._proof_3
AUDIT_DECLARATION BernoulliEdge.mem_Dset_iff._proof_3
AUDIT_DECLARATION BernoulliEdge.mem_Dset_iff._proof_4
AUDIT_DECLARATION BernoulliEdge.obj.eq_1
AUDIT_DECLARATION BernoulliEdge.rayleigh.eq_1
AUDIT_DECLARATION BernoulliEdge.uvec.eq_1
AUDIT_DECLARATION BernoulliEdge.weak_duality._proof_3
AUDIT_DECLARATION Fin.consEquiv.eq_1
AUDIT_DECLARATION GaussianRank.ae_matrix_rank._proof_4
AUDIT_DECLARATION GaussianRank.ae_matrix_rank._proof_5
AUDIT_DECLARATION GaussianRank.complexGaussian.eq_1
AUDIT_DECLARATION GaussianRank.gaussianMass._proof_1
AUDIT_DECLARATION GaussianRank.gaussianMass.eq_1
AUDIT_DECLARATION GaussianRank.integrable_radial_exp._proof_2
AUDIT_DECLARATION GaussianRank.integrable_radial_exp._proof_3
AUDIT_DECLARATION GaussianRank.matrixCoordinates._proof_1
AUDIT_DECLARATION GaussianRank.matrixCoordinates._proof_10
AUDIT_DECLARATION GaussianRank.matrixCoordinates._proof_11
AUDIT_DECLARATION GaussianRank.matrixCoordinates._proof_12
AUDIT_DECLARATION GaussianRank.matrixCoordinates._proof_13
AUDIT_DECLARATION GaussianRank.matrixCoordinates._proof_2
AUDIT_DECLARATION GaussianRank.matrixCoordinates._proof_3
AUDIT_DECLARATION GaussianRank.matrixCoordinates._proof_4
AUDIT_DECLARATION GaussianRank.matrixCoordinates._proof_5
AUDIT_DECLARATION GaussianRank.matrixCoordinates._proof_6
AUDIT_DECLARATION GaussianRank.matrixCoordinates._proof_7
AUDIT_DECLARATION GaussianRank.matrixCoordinates._proof_8
AUDIT_DECLARATION GaussianRank.matrixCoordinates._proof_9
AUDIT_DECLARATION GaussianRank.matrixGaussian._proof_14
AUDIT_DECLARATION GaussianRank.matrixGaussian._proof_15
AUDIT_DECLARATION GaussianRank.polynomial_ae_ne_zero._proof_4
AUDIT_DECLARATION GaussianRank.polynomial_ae_ne_zero._proof_5
AUDIT_DECLARATION GaussianRank.radialDensity.eq_1
AUDIT_DECLARATION GaussianRank.radialGaussian.eq_1
AUDIT_DECLARATION GaussianRank.realComponent._proof_1
AUDIT_DECLARATION HaarProjection.gaussianLeftUnitaryIsometry._proof_10
AUDIT_DECLARATION HaarProjection.gaussianLeftUnitaryIsometry._proof_9
AUDIT_DECLARATION HaarProjection.haarProjectionLaw.eq_1
AUDIT_DECLARATION HaarProjection.haar_local_support_from_invariant_matrix_law._proof_1
AUDIT_DECLARATION HaarProjection.injective_of_full_column_rank._proof_1
AUDIT_DECLARATION HaarProjection.isCompact_unitary_matrices._proof_1
AUDIT_DECLARATION HaarProjection.measurableSet_unitary_orbit._proof_1
AUDIT_DECLARATION HaarProjection.measurableSet_unitary_orbit._proof_2
AUDIT_DECLARATION HaarProjection.unitaryEuclideanIsometry._proof_1
AUDIT_DECLARATION HaarProjection.unitaryEuclideanIsometry._proof_2
AUDIT_DECLARATION HaarProjection.unitaryEuclideanIsometry._proof_3
AUDIT_DECLARATION HaarProjection.unitaryEuclideanIsometry._proof_4
AUDIT_DECLARATION HaarProjection.unitaryEuclideanIsometry._proof_5
AUDIT_DECLARATION HaarProjection.unitaryEuclideanIsometry._proof_6
AUDIT_DECLARATION HaarProjection.unitaryEuclideanIsometry._proof_7
AUDIT_DECLARATION HaarProjection.unitaryHaar._proof_1
AUDIT_DECLARATION HaarProjection.unitaryHaar.eq_1
AUDIT_DECLARATION HaarProjection.unitaryTensorIdentity._proof_8
AUDIT_DECLARATION HaarProjection.unitary_column_normSq_sum._proof_1
AUDIT_DECLARATION HaarProjection.unitary_conjugation_rank._proof_1
AUDIT_DECLARATION HaarProjection.unitary_conjugation_rank._proof_2
AUDIT_DECLARATION HaarProjection.whitenedProjection.eq_1
AUDIT_DECLARATION HaarProjection.whitenedProjection_partialTrace_posDef_iff._proof_1
AUDIT_DECLARATION MeasurableEquiv.piFinSuccAbove.eq_1
AUDIT_DECLARATION PreliminariesMatrix.channel.eq_1
AUDIT_DECLARATION PreliminariesMatrix.flatten.eq_1
AUDIT_DECLARATION PreliminariesMatrix.matrixUnit.eq_1
AUDIT_DECLARATION PreliminariesMatrix.posDef_congruence_kernel._proof_1
AUDIT_DECLARATION PreliminariesMatrix.posDef_congruence_rank._proof_1
AUDIT_DECLARATION PreliminariesMatrix.traceA.eq_1
AUDIT_DECLARATION PreliminariesMatrix.traceB.eq_1
AUDIT_DECLARATION PreliminariesMatrix.traceB_left._proof_1
AUDIT_DECLARATION PreliminariesMatrix.traceB_right._proof_1
AUDIT_DECLARATION ProjectionChannels.AmplifiedBlockModifiedStrongInput.to_block
AUDIT_DECLARATION ProjectionChannels.Canonical.CanonicalStrongInput
AUDIT_DECLARATION ProjectionChannels.Canonical.Index
AUDIT_DECLARATION ProjectionChannels.Canonical.Sample
AUDIT_DECLARATION ProjectionChannels.Canonical.ae_normalizedCompressionTrace_tendsto
AUDIT_DECLARATION ProjectionChannels.Canonical.ae_normalizedCompressionTrace_tendsto_all
AUDIT_DECLARATION ProjectionChannels.Canonical.baseProjection
AUDIT_DECLARATION ProjectionChannels.Canonical.baseProjection_idempotent
AUDIT_DECLARATION ProjectionChannels.Canonical.baseProjection_isHermitian
AUDIT_DECLARATION ProjectionChannels.Canonical.baseProjection_rank
AUDIT_DECLARATION ProjectionChannels.Canonical.compressionTraceCenter
AUDIT_DECLARATION ProjectionChannels.Canonical.compressionTraceCenter_tendsto
AUDIT_DECLARATION ProjectionChannels.Canonical.compression_trace_sum
AUDIT_DECLARATION ProjectionChannels.Canonical.continuous_normalizedCompressionTrace
AUDIT_DECLARATION ProjectionChannels.Canonical.continuous_projection_diag
AUDIT_DECLARATION ProjectionChannels.Canonical.coordinateNumber
AUDIT_DECLARATION ProjectionChannels.Canonical.evaluation
AUDIT_DECLARATION ProjectionChannels.Canonical.evaluation_measurePreserving
AUDIT_DECLARATION ProjectionChannels.Canonical.finiteEvaluation
AUDIT_DECLARATION ProjectionChannels.Canonical.finiteEvaluation_measurePreserving
AUDIT_DECLARATION ProjectionChannels.Canonical.integrable_normalizedCompressionTrace_square
AUDIT_DECLARATION ProjectionChannels.Canonical.integrable_projection_diag
AUDIT_DECLARATION ProjectionChannels.Canonical.integral_compression_second_trace_formula
AUDIT_DECLARATION ProjectionChannels.Canonical.integral_compression_trace
AUDIT_DECLARATION ProjectionChannels.Canonical.integral_projection_diag
AUDIT_DECLARATION ProjectionChannels.Canonical.normalizedCompressionTrace
AUDIT_DECLARATION ProjectionChannels.Canonical.normalizedCompressionTrace_basis_expansion
AUDIT_DECLARATION ProjectionChannels.Canonical.normalizedCompressionTrace_variance_le
AUDIT_DECLARATION ProjectionChannels.Canonical.normalized_first_moment_tendsto
AUDIT_DECLARATION ProjectionChannels.Canonical.normalized_second_moment_formula
AUDIT_DECLARATION ProjectionChannels.Canonical.normalized_second_moment_tendsto
AUDIT_DECLARATION ProjectionChannels.Canonical.probability
AUDIT_DECLARATION ProjectionChannels.Canonical.probability_isHaarMeasure
AUDIT_DECLARATION ProjectionChannels.Canonical.probability_isProbabilityMeasure
AUDIT_DECLARATION ProjectionChannels.Canonical.projection
AUDIT_DECLARATION ProjectionChannels.Canonical.projection_haar_law
AUDIT_DECLARATION ProjectionChannels.Canonical.projection_idempotent
AUDIT_DECLARATION ProjectionChannels.Canonical.projection_isHermitian
AUDIT_DECLARATION ProjectionChannels.Canonical.projection_rank
AUDIT_DECLARATION ProjectionChannels.Canonical.rankSequence
AUDIT_DECLARATION ProjectionChannels.Canonical.rankSequence_le
AUDIT_DECLARATION ProjectionChannels.Canonical.rank_density_tendsto
AUDIT_DECLARATION ProjectionChannels.Canonical.sampleBorelSpace
AUDIT_DECLARATION ProjectionChannels.Canonical.sampleMeasurableSpace
AUDIT_DECLARATION ProjectionChannels.Canonical.unitarySecondCountable
AUDIT_DECLARATION ProjectionChannels.FullBlockModifiedStrongInput.to_amplified
AUDIT_DECLARATION ProjectionChannels.HaarMoment.compression_covariance_sum
AUDIT_DECLARATION ProjectionChannels.HaarMoment.compression_entry
AUDIT_DECLARATION ProjectionChannels.HaarMoment.compression_second_trace
AUDIT_DECLARATION ProjectionChannels.HaarMoment.continuous_compression_second_trace
AUDIT_DECLARATION ProjectionChannels.HaarMoment.continuous_orbit_diag
AUDIT_DECLARATION ProjectionChannels.HaarMoment.continuous_orbit_entry
AUDIT_DECLARATION ProjectionChannels.HaarMoment.continuous_weighted_diagonal_square
AUDIT_DECLARATION ProjectionChannels.HaarMoment.diagCross
AUDIT_DECLARATION ProjectionChannels.HaarMoment.diagCross_eq
AUDIT_DECLARATION ProjectionChannels.HaarMoment.diagCross_eq_formula
AUDIT_DECLARATION ProjectionChannels.HaarMoment.diagCross_permutation
AUDIT_DECLARATION ProjectionChannels.HaarMoment.diagCross_self
AUDIT_DECLARATION ProjectionChannels.HaarMoment.diagSecond
AUDIT_DECLARATION ProjectionChannels.HaarMoment.diagSecond_eq
AUDIT_DECLARATION ProjectionChannels.HaarMoment.diagSecond_eq_diagCross_add_entrySecond
AUDIT_DECLARATION ProjectionChannels.HaarMoment.diagSecond_eq_formula
AUDIT_DECLARATION ProjectionChannels.HaarMoment.diagSecond_permutation
AUDIT_DECLARATION ProjectionChannels.HaarMoment.diagSecond_sub_diagCross
AUDIT_DECLARATION ProjectionChannels.HaarMoment.diagSecond_sub_diagCross_of_rotation
AUDIT_DECLARATION ProjectionChannels.HaarMoment.entrySecond
AUDIT_DECLARATION ProjectionChannels.HaarMoment.entrySecond_eq
AUDIT_DECLARATION ProjectionChannels.HaarMoment.entrySecond_eq_formula
AUDIT_DECLARATION ProjectionChannels.HaarMoment.entrySecond_permutation
AUDIT_DECLARATION ProjectionChannels.HaarMoment.entrySecond_self
AUDIT_DECLARATION ProjectionChannels.HaarMoment.exists_permutation_pair
AUDIT_DECLARATION ProjectionChannels.HaarMoment.integrable_diagCross
AUDIT_DECLARATION ProjectionChannels.HaarMoment.integrable_diagSecond
AUDIT_DECLARATION ProjectionChannels.HaarMoment.integrable_entrySecond
AUDIT_DECLARATION ProjectionChannels.HaarMoment.integrable_entry_product
AUDIT_DECLARATION ProjectionChannels.HaarMoment.integrable_orbit_diag
AUDIT_DECLARATION ProjectionChannels.HaarMoment.integrable_weighted_diagonal_square
AUDIT_DECLARATION ProjectionChannels.HaarMoment.integral_block_entry_product
AUDIT_DECLARATION ProjectionChannels.HaarMoment.integral_compression_second_trace
AUDIT_DECLARATION ProjectionChannels.HaarMoment.integral_compression_second_trace_formula
AUDIT_DECLARATION ProjectionChannels.HaarMoment.integral_diagonal_product
AUDIT_DECLARATION ProjectionChannels.HaarMoment.integral_disjoint_entry_product
AUDIT_DECLARATION ProjectionChannels.HaarMoment.integral_orbit_conjugate
AUDIT_DECLARATION ProjectionChannels.HaarMoment.integral_orbit_diag
AUDIT_DECLARATION ProjectionChannels.HaarMoment.integral_orbit_diag_eq
AUDIT_DECLARATION ProjectionChannels.HaarMoment.integral_reversed_product
AUDIT_DECLARATION ProjectionChannels.HaarMoment.orbit
AUDIT_DECLARATION ProjectionChannels.HaarMoment.orbit_idempotent
AUDIT_DECLARATION ProjectionChannels.HaarMoment.orbit_isHermitian
AUDIT_DECLARATION ProjectionChannels.HaarMoment.orbit_permutation
AUDIT_DECLARATION ProjectionChannels.HaarMoment.orbit_signFlip
AUDIT_DECLARATION ProjectionChannels.HaarMoment.orbit_trace
AUDIT_DECLARATION ProjectionChannels.HaarMoment.pairMix
AUDIT_DECLARATION ProjectionChannels.HaarMoment.pairMixUnitary
AUDIT_DECLARATION ProjectionChannels.HaarMoment.pairMix_diagonal_i
AUDIT_DECLARATION ProjectionChannels.HaarMoment.pairMix_diagonal_j
AUDIT_DECLARATION ProjectionChannels.HaarMoment.pairMix_four_diagonal_squares
AUDIT_DECLARATION ProjectionChannels.HaarMoment.pairMix_integrable_diagonal_square
AUDIT_DECLARATION ProjectionChannels.HaarMoment.pairMix_integral_diagonal_square
AUDIT_DECLARATION ProjectionChannels.HaarMoment.pairMix_isHermitian
AUDIT_DECLARATION ProjectionChannels.HaarMoment.pairMix_left_i
AUDIT_DECLARATION ProjectionChannels.HaarMoment.pairMix_left_j
AUDIT_DECLARATION ProjectionChannels.HaarMoment.pairMix_mul_apply
AUDIT_DECLARATION ProjectionChannels.HaarMoment.pairMix_right_i
AUDIT_DECLARATION ProjectionChannels.HaarMoment.pairMix_right_j
AUDIT_DECLARATION ProjectionChannels.HaarMoment.pairMix_row_i
AUDIT_DECLARATION ProjectionChannels.HaarMoment.pairMix_row_j
AUDIT_DECLARATION ProjectionChannels.HaarMoment.pairMix_row_other
AUDIT_DECLARATION ProjectionChannels.HaarMoment.pairMix_square
AUDIT_DECLARATION ProjectionChannels.HaarMoment.second_moment_projection_trace
AUDIT_DECLARATION ProjectionChannels.HaarMoment.second_moment_trace_square
AUDIT_DECLARATION ProjectionChannels.HaarMoment.signFlip
AUDIT_DECLARATION ProjectionChannels.HaarMoment.signFlipUnitary
AUDIT_DECLARATION ProjectionChannels.HaarMoment.signFlip_conjugate_entry
AUDIT_DECLARATION ProjectionChannels.HaarMoment.signFlip_square
AUDIT_DECLARATION ProjectionChannels.HaarMoment.signFlip_star
AUDIT_DECLARATION ProjectionChannels.HaarMoment.sum_diagCross_row
AUDIT_DECLARATION ProjectionChannels.HaarMoment.sum_entrySecond_row
AUDIT_DECLARATION ProjectionChannels.HaarMoment.sum_of_constant_off_diagonal
AUDIT_DECLARATION ProjectionChannels.HaarMoment.sum_orbit_entry_normSq
AUDIT_DECLARATION ProjectionChannels.HaarMoment.weighted_diagonal_centering
AUDIT_DECLARATION ProjectionChannels.HaarMoment.weighted_diagonal_variance
AUDIT_DECLARATION ProjectionChannels.HaarMoment.weighted_diagonal_variance_centered_le
AUDIT_DECLARATION ProjectionChannels.HaarMoment.weighted_diagonal_variance_le
AUDIT_DECLARATION ProjectionChannels.HaarMoment.weighted_diagonal_variance_le_moments
AUDIT_DECLARATION ProjectionChannels.HaarMoment.weighted_diagonal_variance_le_of_rotation
AUDIT_DECLARATION ProjectionChannels.HaarMoment.weighted_diagonal_variance_moments
AUDIT_DECLARATION ProjectionChannels.HaarMoment.weighted_diagonal_variance_of_rotation
AUDIT_DECLARATION ProjectionChannels.HaarVarianceAlgebra.centered_weighted_variance
AUDIT_DECLARATION ProjectionChannels.HaarVarianceAlgebra.centered_weighted_variance_le
AUDIT_DECLARATION ProjectionChannels.HaarVarianceAlgebra.exchangeable_quadratic
AUDIT_DECLARATION ProjectionChannels.HaarVarianceAlgebra.haar_variance_coefficient_le_inv
AUDIT_DECLARATION ProjectionChannels.HaarVarianceAlgebra.haar_variance_coefficient_nonneg
AUDIT_DECLARATION ProjectionChannels.HaarVarianceAlgebra.integrable_centered_product
AUDIT_DECLARATION ProjectionChannels.HaarVarianceAlgebra.integral_centered_product
AUDIT_DECLARATION ProjectionChannels.HaarVarianceAlgebra.integral_weighted_square
AUDIT_DECLARATION ProjectionChannels.HaarVarianceAlgebra.row_identity_of_fixed_sum
AUDIT_DECLARATION ProjectionChannels.HaarVarianceAlgebra.row_identity_of_trace_square
AUDIT_DECLARATION ProjectionChannels.HaarVarianceAlgebra.second_moment_difference
AUDIT_DECLARATION ProjectionChannels.IsBernoulliFreeSumLaw.bernoulliK_germ
AUDIT_DECLARATION ProjectionChannels.IsBernoulliFreeSumLaw.bernoulliK_germ_left
AUDIT_DECLARATION ProjectionChannels.IsBernoulliFreeSumLaw.casesOn
AUDIT_DECLARATION ProjectionChannels.IsBernoulliFreeSumLaw.compactlySupported
AUDIT_DECLARATION ProjectionChannels.IsBernoulliFreeSumLaw.inverseGerm
AUDIT_DECLARATION ProjectionChannels.IsBernoulliFreeSumLaw.inverseGermLeft
AUDIT_DECLARATION ProjectionChannels.IsBernoulliFreeSumLaw.mk
AUDIT_DECLARATION ProjectionChannels.IsBernoulliFreeSumLaw.noConfusion
AUDIT_DECLARATION ProjectionChannels.IsBernoulliFreeSumLaw.noConfusionType
AUDIT_DECLARATION ProjectionChannels.IsBernoulliFreeSumLaw.positive_bounds
AUDIT_DECLARATION ProjectionChannels.IsBernoulliFreeSumLaw.probability
AUDIT_DECLARATION ProjectionChannels.IsBernoulliFreeSumLaw.rec
AUDIT_DECLARATION ProjectionChannels.IsBernoulliFreeSumLaw.recOn
AUDIT_DECLARATION ProjectionChannels.IsBernoulliFreeSumLaw.reflect
AUDIT_DECLARATION ProjectionChannels.IsBernoulliFreeSumLaw.right_edge
AUDIT_DECLARATION ProjectionChannels.K182.L
AUDIT_DECLARATION ProjectionChannels.K182.bellAlpha
AUDIT_DECLARATION ProjectionChannels.K182.bellAlpha_eq
AUDIT_DECLARATION ProjectionChannels.K182.bellBeta
AUDIT_DECLARATION ProjectionChannels.K182.bellBeta_eq
AUDIT_DECLARATION ProjectionChannels.K182.bellEntropy
AUDIT_DECLARATION ProjectionChannels.K182.bellMixing
AUDIT_DECLARATION ProjectionChannels.K182.bell_coefficients_valid
AUDIT_DECLARATION ProjectionChannels.K182.certified_entropy_gap
AUDIT_DECLARATION ProjectionChannels.K182.coordinate_le_L_sum
AUDIT_DECLARATION ProjectionChannels.K182.coordinate_lt_quarter
AUDIT_DECLARATION ProjectionChannels.K182.cutoff
AUDIT_DECLARATION ProjectionChannels.K182.density
AUDIT_DECLARATION ProjectionChannels.K182.density_admissible
AUDIT_DECLARATION ProjectionChannels.K182.dual_bound_neg
AUDIT_DECLARATION ProjectionChannels.K182.entropyLower
AUDIT_DECLARATION ProjectionChannels.K182.entropy_gap_of_one_high_minimizer
AUDIT_DECLARATION ProjectionChannels.K182.eventual_gap_of_one_high_minimizer
AUDIT_DECLARATION ProjectionChannels.K182.first_sqrt_upper
AUDIT_DECLARATION ProjectionChannels.K182.log_enclosure
AUDIT_DECLARATION ProjectionChannels.K182.normalizedFeasible
AUDIT_DECLARATION ProjectionChannels.K182.normalizedFeasible_coordinate_le_L
AUDIT_DECLARATION ProjectionChannels.K182.normalizedFeasible_probability
AUDIT_DECLARATION ProjectionChannels.K182.normalized_coordinate_le_L
AUDIT_DECLARATION ProjectionChannels.K182.q
AUDIT_DECLARATION ProjectionChannels.K182.scalar_upper_bound
AUDIT_DECLARATION ProjectionChannels.K182.second_sqrt_upper
AUDIT_DECLARATION ProjectionChannels.K182.sum_pos
AUDIT_DECLARATION ProjectionChannels.K182.t
AUDIT_DECLARATION ProjectionChannels.K182.z
AUDIT_DECLARATION ProjectionChannels.K182SecondVariation.not_constrained_localMin_of_feasible_negative_curvature
AUDIT_DECLARATION ProjectionChannels.K182SecondVariation.not_localMin_of_second_derivative_neg
AUDIT_DECLARATION ProjectionChannels.K182ShapeCalculus.denominator_sq_strictMono
AUDIT_DECLARATION ProjectionChannels.K182ShapeCalculus.denominator_strictMono
AUDIT_DECLARATION ProjectionChannels.K182ShapeCalculus.negative_second_variation
AUDIT_DECLARATION ProjectionChannels.K182ShapeCalculus.reduction_hypotheses
AUDIT_DECLARATION ProjectionChannels.RevisionK182.birthCurve
AUDIT_DECLARATION ProjectionChannels.RevisionK182.birthCurve_in_box_eventually
AUDIT_DECLARATION ProjectionChannels.RevisionK182.birthCurve_zero
AUDIT_DECLARATION ProjectionChannels.RevisionK182.certified_entropy_gap_182
AUDIT_DECLARATION ProjectionChannels.RevisionK182.continuous_birthCurve
AUDIT_DECLARATION ProjectionChannels.RevisionK182.continuous_parabola
AUDIT_DECLARATION ProjectionChannels.RevisionK182.costCurvature
AUDIT_DECLARATION ProjectionChannels.RevisionK182.costSum
AUDIT_DECLARATION ProjectionChannels.RevisionK182.cost_scaled_quartic_derivative_zero
AUDIT_DECLARATION ProjectionChannels.RevisionK182.cost_scaled_quartic_second_derivative
AUDIT_DECLARATION ProjectionChannels.RevisionK182.cost_scaled_square_right_derivative
AUDIT_DECLARATION ProjectionChannels.RevisionK182.curveCostSlope
AUDIT_DECLARATION ProjectionChannels.RevisionK182.curveEntropySlope
AUDIT_DECLARATION ProjectionChannels.RevisionK182.curveLogSlope
AUDIT_DECLARATION ProjectionChannels.RevisionK182.entropy_minimum_eq_largestCoordinate
AUDIT_DECLARATION ProjectionChannels.RevisionK182.exists_feasible_entropy_lt_log
AUDIT_DECLARATION ProjectionChannels.RevisionK182.feasible
AUDIT_DECLARATION ProjectionChannels.RevisionK182.feasible_compact
AUDIT_DECLARATION ProjectionChannels.RevisionK182.feasible_local_minimum_positive
AUDIT_DECLARATION ProjectionChannels.RevisionK182.feasible_mass_pos
AUDIT_DECLARATION ProjectionChannels.RevisionK182.feasible_minimum_exists
AUDIT_DECLARATION ProjectionChannels.RevisionK182.feasible_minimum_nonconstant
AUDIT_DECLARATION ProjectionChannels.RevisionK182.feasible_minimum_one_high
AUDIT_DECLARATION ProjectionChannels.RevisionK182.feasible_two_positive
AUDIT_DECLARATION ProjectionChannels.RevisionK182.finiteShannon_le_oneHighEntropy
AUDIT_DECLARATION ProjectionChannels.RevisionK182.hasDerivAt_curveCost
AUDIT_DECLARATION ProjectionChannels.RevisionK182.hasDerivAt_curveCostSlope_zero
AUDIT_DECLARATION ProjectionChannels.RevisionK182.hasDerivAt_curveEntropy
AUDIT_DECLARATION ProjectionChannels.RevisionK182.hasDerivAt_curveEntropySlope_zero
AUDIT_DECLARATION ProjectionChannels.RevisionK182.hasDerivAt_curveLogMoment
AUDIT_DECLARATION ProjectionChannels.RevisionK182.hasDerivAt_curveLogSlope_zero
AUDIT_DECLARATION ProjectionChannels.RevisionK182.hasDerivAt_curveMass
AUDIT_DECLARATION ProjectionChannels.RevisionK182.hasDerivAt_curveMassSlope
AUDIT_DECLARATION ProjectionChannels.RevisionK182.hasDerivAt_parabola
AUDIT_DECLARATION ProjectionChannels.RevisionK182.hasDerivAt_parabolaSlope
AUDIT_DECLARATION ProjectionChannels.RevisionK182.hasDerivAt_stationary
AUDIT_DECLARATION ProjectionChannels.RevisionK182.hasDerivAt_sum_birthCurve
AUDIT_DECLARATION ProjectionChannels.RevisionK182.hasDerivAt_sum_birthCurve_at
AUDIT_DECLARATION ProjectionChannels.RevisionK182.hasDerivWithinAt_sum_birthCurve
AUDIT_DECLARATION ProjectionChannels.RevisionK182.hasOneHighEntropyMinimizer_182
AUDIT_DECLARATION ProjectionChannels.RevisionK182.hasOneHighEntropyMinimizer_of_coordinate_bound
AUDIT_DECLARATION ProjectionChannels.RevisionK182.hasStrictDerivAt_cost
AUDIT_DECLARATION ProjectionChannels.RevisionK182.hasStrictFDerivAt_costSum
AUDIT_DECLARATION ProjectionChannels.RevisionK182.hasStrictFDerivAt_logMoment
AUDIT_DECLARATION ProjectionChannels.RevisionK182.hasStrictFDerivAt_mass
AUDIT_DECLARATION ProjectionChannels.RevisionK182.hasStrictFDerivAt_normalizedEntropy
AUDIT_DECLARATION ProjectionChannels.RevisionK182.high_coordinate_unique
AUDIT_DECLARATION ProjectionChannels.RevisionK182.interior_minimum_one_high
AUDIT_DECLARATION ProjectionChannels.RevisionK182.interior_minimum_two_values
AUDIT_DECLARATION ProjectionChannels.RevisionK182.largestCoordinate
AUDIT_DECLARATION ProjectionChannels.RevisionK182.lemma_C1_entropy_minimum
AUDIT_DECLARATION ProjectionChannels.RevisionK182.lemma_C1_minimizer_shape
AUDIT_DECLARATION ProjectionChannels.RevisionK182.level_minimum_stationary
AUDIT_DECLARATION ProjectionChannels.RevisionK182.logMoment
AUDIT_DECLARATION ProjectionChannels.RevisionK182.mass
AUDIT_DECLARATION ProjectionChannels.RevisionK182.mass_birthCurve
AUDIT_DECLARATION ProjectionChannels.RevisionK182.multiplier_pos_of_equal_level
AUDIT_DECLARATION ProjectionChannels.RevisionK182.no_zero_with_distinct_positive
AUDIT_DECLARATION ProjectionChannels.RevisionK182.no_zero_with_equal_positive
AUDIT_DECLARATION ProjectionChannels.RevisionK182.normalization_one_high
AUDIT_DECLARATION ProjectionChannels.RevisionK182.normalizedBody
AUDIT_DECLARATION ProjectionChannels.RevisionK182.normalizedBody_compact
AUDIT_DECLARATION ProjectionChannels.RevisionK182.normalizedBody_eq_Lam
AUDIT_DECLARATION ProjectionChannels.RevisionK182.normalizedBody_permute
AUDIT_DECLARATION ProjectionChannels.RevisionK182.normalizedBody_probability
AUDIT_DECLARATION ProjectionChannels.RevisionK182.normalizedEntropy
AUDIT_DECLARATION ProjectionChannels.RevisionK182.normalizedEntropy_const
AUDIT_DECLARATION ProjectionChannels.RevisionK182.normalizedEntropy_continuousOn
AUDIT_DECLARATION ProjectionChannels.RevisionK182.normalizedEntropy_eq_shannon
AUDIT_DECLARATION ProjectionChannels.RevisionK182.normalizedEntropy_eq_shannon_at_boundary
AUDIT_DECLARATION ProjectionChannels.RevisionK182.normalizedEntropy_lt_log_of_nonconstant
AUDIT_DECLARATION ProjectionChannels.RevisionK182.normalized_minimum_one_high_of_coordinate_bound
AUDIT_DECLARATION ProjectionChannels.RevisionK182.not_minimum_of_parabolic_direction
AUDIT_DECLARATION ProjectionChannels.RevisionK182.not_sublevel_localMin_of_negative_curvatures
AUDIT_DECLARATION ProjectionChannels.RevisionK182.not_sublevel_localMin_of_right_descent
AUDIT_DECLARATION ProjectionChannels.RevisionK182.parabola
AUDIT_DECLARATION ProjectionChannels.RevisionK182.parabolaSlope
AUDIT_DECLARATION ProjectionChannels.RevisionK182.parabolaSlope_zero
AUDIT_DECLARATION ProjectionChannels.RevisionK182.parabola_zero
AUDIT_DECLARATION ProjectionChannels.RevisionK182.quartic_log_derivative
AUDIT_DECLARATION ProjectionChannels.RevisionK182.quartic_log_second_derivative_zero
AUDIT_DECLARATION ProjectionChannels.RevisionK182.scaled_square_log_derivative_zero
AUDIT_DECLARATION ProjectionChannels.RevisionK182.square_log_derivative_zero
AUDIT_DECLARATION ProjectionChannels.RevisionK182.stationary
AUDIT_DECLARATION ProjectionChannels.RevisionK182.stationarySlope
AUDIT_DECLARATION ProjectionChannels.RevisionK182.stationary_equal_level_derivative_signs
AUDIT_DECLARATION ProjectionChannels.RevisionK182.stationary_no_three_equal_levels
AUDIT_DECLARATION ProjectionChannels.RevisionK182.stationary_vector_two_values
AUDIT_DECLARATION ProjectionChannels.RevisionK182.strict_descent_right_of_derivative_neg
AUDIT_DECLARATION ProjectionChannels.RevisionK182.strict_descent_right_of_second_derivative_neg
AUDIT_DECLARATION ProjectionChannels.RevisionK182.sublevel_minimum_is_level_minimum
AUDIT_DECLARATION ProjectionChannels.RevisionK182.sum_birthCurve
AUDIT_DECLARATION ProjectionChannels.RevisionK182.transferDirection
AUDIT_DECLARATION ProjectionChannels.RevisionK182.weightedSum
AUDIT_DECLARATION ProjectionChannels.RevisionK182.weightedSum_apply
AUDIT_DECLARATION ProjectionChannels.RevisionK182.weightedSum_single
AUDIT_DECLARATION ProjectionChannels.RevisionK182.weighted_stationarySlope
AUDIT_DECLARATION ProjectionChannels.RevisionK182.weighted_stationarySlope_strictMono
AUDIT_DECLARATION ProjectionChannels.RevisionK182.weighted_transfer
AUDIT_DECLARATION ProjectionChannels.RevisionK182.weighted_transfer_sq
AUDIT_DECLARATION ProjectionChannels.ScalarCertificate.coordinate_le_mul_sum
AUDIT_DECLARATION ProjectionChannels.ScalarCertificate.largestEigenvalue
AUDIT_DECLARATION ProjectionChannels.ScalarCertificate.lemma_C2
AUDIT_DECLARATION ProjectionChannels.ScalarCertificate.lemma_C2_largestEigenvalue
AUDIT_DECLARATION ProjectionChannels.ScalarCertificate.q_paper_formula
AUDIT_DECLARATION ProjectionChannels.ScalarCertificate.upperBound
AUDIT_DECLARATION ProjectionChannels.ScalarStrong.affine_projection_cfc
AUDIT_DECLARATION ProjectionChannels.ScalarStrong.amplified_one_output
AUDIT_DECLARATION ProjectionChannels.ScalarStrong.canonical_projection_affine_norm_eventually
AUDIT_DECLARATION ProjectionChannels.ScalarStrong.canonical_projection_affine_norm_tendsto
AUDIT_DECLARATION ProjectionChannels.ScalarStrong.canonical_projection_mem_spectrum
AUDIT_DECLARATION ProjectionChannels.ScalarStrong.canonical_projection_mem_spectrum_all
AUDIT_DECLARATION ProjectionChannels.ScalarStrong.canonical_projection_scalar_strong
AUDIT_DECLARATION ProjectionChannels.ScalarStrong.canonical_projection_trace_tendsto
AUDIT_DECLARATION ProjectionChannels.ScalarStrong.canonical_rank_eventually_nontrivial
AUDIT_DECLARATION ProjectionChannels.ScalarStrong.canonical_rank_eventually_nontrivial_all
AUDIT_DECLARATION ProjectionChannels.ScalarStrong.canonical_scalar_norm_eventually
AUDIT_DECLARATION ProjectionChannels.ScalarStrong.compression_one_output
AUDIT_DECLARATION ProjectionChannels.ScalarStrong.localConjugate_one_output
AUDIT_DECLARATION ProjectionChannels.ScalarStrong.norm_affine_projection
AUDIT_DECLARATION ProjectionChannels.ScalarStrong.rotated_compression_eigenvalues_sum
AUDIT_DECLARATION ProjectionChannels.ScalarStrong.scalarStrongMatrixCStarAlgebra
AUDIT_DECLARATION ProjectionChannels.ScalarStrong.scalar_compression_spectralTrace
AUDIT_DECLARATION ProjectionChannels.ScalarStrong.spectralTrace_eigenvalues
AUDIT_DECLARATION ProjectionChannels.ScalarStrong.spectralTrace_kronecker_identity_one
AUDIT_DECLARATION ProjectionChannels.bernoulliComplexDelta.eq_1
AUDIT_DECLARATION ProjectionChannels.bernoulliComplexDual.eq_1
AUDIT_DECLARATION ProjectionChannels.bernoulliComplexK_ofReal._proof_3
AUDIT_DECLARATION ProjectionChannels.bernoulliComplexK_ofReal._proof_4
AUDIT_DECLARATION ProjectionChannels.bernoulliComplexRadicand._proof_1
AUDIT_DECLARATION ProjectionChannels.bernoulliComplexRadicand._proof_2
AUDIT_DECLARATION ProjectionChannels.bernoulliComplexRadicand.eq_1
AUDIT_DECLARATION ProjectionChannels.bernoulliCost.eq_1
AUDIT_DECLARATION ProjectionChannels.bernoulliCostSlope._proof_1
AUDIT_DECLARATION ProjectionChannels.bernoulliDelta._proof_1
AUDIT_DECLARATION ProjectionChannels.bernoulliDelta._proof_2
AUDIT_DECLARATION ProjectionChannels.bernoulliDelta.eq_1
AUDIT_DECLARATION ProjectionChannels.bernoulliDual.eq_1
AUDIT_DECLARATION ProjectionChannels.bernoulliEndpoint.eq_1
AUDIT_DECLARATION ProjectionChannels.bernoulliFeasible.eq_1
AUDIT_DECLARATION ProjectionChannels.bernoulliFreeSumR.eq_1
AUDIT_DECLARATION ProjectionChannels.bernoulliK.eq_1
AUDIT_DECLARATION ProjectionChannels.bernoulliK_strictAntiOn_of_no_critical._proof_1
AUDIT_DECLARATION ProjectionChannels.bernoulliMeasure._proof_1
AUDIT_DECLARATION ProjectionChannels.bernoulliMeasure.eq_1
AUDIT_DECLARATION ProjectionChannels.bernoulliProfile.eq_1
AUDIT_DECLARATION ProjectionChannels.bernoulliR.eq_1
AUDIT_DECLARATION ProjectionChannels.blockCompression.eq_1
AUDIT_DECLARATION ProjectionChannels.blockCompression_shift._proof_1
AUDIT_DECLARATION ProjectionChannels.blockModification_polynomial._proof_3
AUDIT_DECLARATION ProjectionChannels.canonical_scalar_empirical_tendsto._proof_1
AUDIT_DECLARATION ProjectionChannels.cauchyTransform.eq_1
AUDIT_DECLARATION ProjectionChannels.cauchyTransform_ofReal._proof_2
AUDIT_DECLARATION ProjectionChannels.cauchyTransform_ofReal._proof_3
AUDIT_DECLARATION ProjectionChannels.cauchy_agreement_upper_of_real_right._proof_1
AUDIT_DECLARATION ProjectionChannels.cauchy_agreement_upper_of_real_right._proof_2
AUDIT_DECLARATION ProjectionChannels.cauchy_no_mass_holomorphic_continuation._proof_1
AUDIT_DECLARATION ProjectionChannels.choiInput.eq_1
AUDIT_DECLARATION ProjectionChannels.choiOutput.eq_1
AUDIT_DECLARATION ProjectionChannels.compact_probability_right_edge._proof_1
AUDIT_DECLARATION ProjectionChannels.compact_probability_right_edge._proof_2
AUDIT_DECLARATION ProjectionChannels.compact_probability_right_edge._proof_3
AUDIT_DECLARATION ProjectionChannels.compressionMatrixCStarAlgebra._proof_1
AUDIT_DECLARATION ProjectionChannels.compressionMatrixCStarAlgebra._proof_2
AUDIT_DECLARATION ProjectionChannels.conjugateMap.eq_1
AUDIT_DECLARATION ProjectionChannels.diagonalBlock.eq_1
AUDIT_DECLARATION ProjectionChannels.diagonalTraceLinearMap._proof_1
AUDIT_DECLARATION ProjectionChannels.diagonalTraceLinearMap._proof_2
AUDIT_DECLARATION ProjectionChannels.diagonalTraceLinearMap.eq_1
AUDIT_DECLARATION ProjectionChannels.diagonalTraceMap.eq_1
AUDIT_DECLARATION ProjectionChannels.entrywiseConjugate.eq_1
AUDIT_DECLARATION ProjectionChannels.exists_real_holomorphic_local_inverse._proof_1
AUDIT_DECLARATION ProjectionChannels.exists_real_holomorphic_local_inverse._proof_2
AUDIT_DECLARATION ProjectionChannels.finiteShannon.eq_1
AUDIT_DECLARATION ProjectionChannels.finiteShannon_oneHigh._proof_1
AUDIT_DECLARATION ProjectionChannels.hasDerivAt_cauchyTransform_of_separation._proof_1
AUDIT_DECLARATION ProjectionChannels.hasDerivAt_realCauchyTransform_right._proof_1
AUDIT_DECLARATION ProjectionChannels.hasDerivAt_realCauchyTransform_right._proof_2
AUDIT_DECLARATION ProjectionChannels.hasDerivAt_realCauchyTransform_right._proof_3
AUDIT_DECLARATION ProjectionChannels.hasDerivAt_realCauchyTransform_right._proof_4
AUDIT_DECLARATION ProjectionChannels.isOpen_matrix_rank_ge._proof_1
AUDIT_DECLARATION ProjectionChannels.isOpen_matrix_rank_ge._proof_2
AUDIT_DECLARATION ProjectionChannels.isOpen_matrix_rank_ge._proof_3
AUDIT_DECLARATION ProjectionChannels.isOpen_matrix_rank_ge._proof_4
AUDIT_DECLARATION ProjectionChannels.largestEigenvalue.eq_1
AUDIT_DECLARATION ProjectionChannels.largest_le_iff._proof_1
AUDIT_DECLARATION ProjectionChannels.levelProjection.eq_1
AUDIT_DECLARATION ProjectionChannels.matrixCStarAlgebra._proof_1
AUDIT_DECLARATION ProjectionChannels.matrixCStarAlgebra._proof_2
AUDIT_DECLARATION ProjectionChannels.matrixTensorIdentity._proof_3
AUDIT_DECLARATION ProjectionChannels.matrixTensorIdentity._proof_4
AUDIT_DECLARATION ProjectionChannels.matrixTensorIdentity._proof_5
AUDIT_DECLARATION ProjectionChannels.matrixTensorIdentity._proof_6
AUDIT_DECLARATION ProjectionChannels.matrixTensorIdentity._proof_7
AUDIT_DECLARATION ProjectionChannels.matrixTensorIdentity._proof_8
AUDIT_DECLARATION ProjectionChannels.matrixTensorIdentity.eq_1
AUDIT_DECLARATION ProjectionChannels.matrixUnit_block_insertion._proof_3
AUDIT_DECLARATION ProjectionChannels.measurableSet_matrix_rank_eq._proof_1
AUDIT_DECLARATION ProjectionChannels.measurableSet_matrix_rank_eq._proof_2
AUDIT_DECLARATION ProjectionChannels.monotoneOn_bernoulliBudget._proof_1
AUDIT_DECLARATION ProjectionChannels.oneHighEntropy.eq_1
AUDIT_DECLARATION ProjectionChannels.oneHighEntropy_eq_qaryEntropy._proof_1
AUDIT_DECLARATION ProjectionChannels.poissonKernel.eq_1
AUDIT_DECLARATION ProjectionChannels.randomCompressionStatement._proof_1
AUDIT_DECLARATION ProjectionChannels.randomCompressionStatement._proof_2
AUDIT_DECLARATION ProjectionChannels.realCauchyTransform.eq_1
AUDIT_DECLARATION ProjectionChannels.realCauchyTransform_strictAntiOn._proof_2
AUDIT_DECLARATION ProjectionChannels.realMeasureSupport_abs_le._proof_3
AUDIT_DECLARATION ProjectionChannels.realMeasureSupport_abs_le._proof_4
AUDIT_DECLARATION ProjectionChannels.realMeasureSupport_le._proof_3
AUDIT_DECLARATION ProjectionChannels.realMeasureSupport_le._proof_4
AUDIT_DECLARATION ProjectionChannels.scalarBernoulliMeasure.eq_1
AUDIT_DECLARATION ProjectionChannels.scalarBernoulliMeasure_support._proof_1
AUDIT_DECLARATION ProjectionChannels.strictAntiOn_bernoulliK_of_endpoint_le._proof_1
AUDIT_DECLARATION ProjectionChannels.strictMonoOn_bernoulliBudget._proof_1
AUDIT_DECLARATION ProjectionChannelsCP.amplify.eq_1
AUDIT_DECLARATION ProjectionChannelsCP.bellColumn.eq_1
AUDIT_DECLARATION ProjectionChannelsCP.bell_block._proof_3
AUDIT_DECLARATION ProjectionChannelsCP.choiChannel._proof_1
AUDIT_DECLARATION ProjectionChannelsCP.choiChannel._proof_2
AUDIT_DECLARATION ProjectionChannelsCP.generalizedChoi._proof_3
AUDIT_DECLARATION ProjectionChannelsCP.generalizedChoi_positive_rescaling._proof_4
AUDIT_DECLARATION ProjectionChannelsCP.krausOperator.eq_1
AUDIT_DECLARATION ProjectionChannelsCP.positive_sqrt_real_smul._proof_4
AUDIT_DECLARATION ProjectionOrbit.exists_matching_eigenvalue_permutation._proof_1
AUDIT_DECLARATION ProjectionOrbit.permuteColumns._proof_1
AUDIT_DECLARATION ProjectionStrongConvergence.matrixCStarAlgebra._proof_1
AUDIT_DECLARATION ProjectionStrongConvergence.matrixCStarAlgebra._proof_2
AUDIT_DECLARATION ProjectionStrongConvergence.normalizedTrace.eq_1
AUDIT_DECLARATION RevisionBell.ae_choi_mixed_moments_of_hermitian_square_limits._proof_1
AUDIT_DECLARATION RevisionBell.ae_normalized_square_moment_limit._proof_1
AUDIT_DECLARATION RevisionBell.bellOutput.eq_1
AUDIT_DECLARATION RevisionBell.bellState.eq_1
AUDIT_DECLARATION RevisionBell.bell_operator_norm_limit_of_mixed_moments.match_1
AUDIT_DECLARATION RevisionBell.bernoulliPrimitive.eq_1
AUDIT_DECLARATION RevisionBell.choiAdjoint._proof_10
AUDIT_DECLARATION RevisionBell.choiAdjoint._proof_9
AUDIT_DECLARATION RevisionBell.choiAdjoint.eq_1
AUDIT_DECLARATION RevisionBell.choi_mixed_moments_of_hermitian_square_limits._proof_11
AUDIT_DECLARATION RevisionBell.choi_purity_limit_of_mixed_moments._proof_1
AUDIT_DECLARATION RevisionBell.choi_purity_limit_of_mixed_moments._proof_2
AUDIT_DECLARATION RevisionBell.clippedLog.eq_1
AUDIT_DECLARATION RevisionBell.hasDerivAt_logPotential._proof_1
AUDIT_DECLARATION RevisionBell.hasDerivAt_realCauchyTransform_left._proof_1
AUDIT_DECLARATION RevisionBell.hasDerivAt_realCauchyTransform_left._proof_2
AUDIT_DECLARATION RevisionBell.hasDerivAt_realCauchyTransform_left._proof_3
AUDIT_DECLARATION RevisionBell.hasDerivAt_realCauchyTransform_left._proof_4
AUDIT_DECLARATION RevisionBell.hasFDerivAt_rootEquation_traceless._proof_1
AUDIT_DECLARATION RevisionBell.hessianTraceForm._proof_5
AUDIT_DECLARATION RevisionBell.hessianTraceForm._proof_6
AUDIT_DECLARATION RevisionBell.hessianTraceForm._proof_7
AUDIT_DECLARATION RevisionBell.hessianTraceForm._proof_8
AUDIT_DECLARATION RevisionBell.inverseCauchyLogPrimitive.eq_1
AUDIT_DECLARATION RevisionBell.isotropic.eq_1
AUDIT_DECLARATION RevisionBell.logPotential.eq_1
AUDIT_DECLARATION RevisionBell.matrixLogPotential.eq_1
AUDIT_DECLARATION RevisionBell.matrixUnit_mul_trace._proof_11
AUDIT_DECLARATION RevisionBell.matrix_square_moment_limit._proof_1
AUDIT_DECLARATION RevisionBell.matrix_square_moment_limit_eventual_normalization._proof_1
AUDIT_DECLARATION RevisionBell.normalizedChoi.eq_1
AUDIT_DECLARATION RevisionBell.normalizedLogAbsDet.eq_1
AUDIT_DECLARATION RevisionBell.normalizedLogAbsDet_central_remainder._proof_1
AUDIT_DECLARATION RevisionBell.normalizedTraceForm._proof_1
AUDIT_DECLARATION RevisionBell.normalizedTraceForm._proof_2
AUDIT_DECLARATION RevisionBell.normalizedTraceForm._proof_3
AUDIT_DECLARATION RevisionBell.normalizedTraceForm._proof_4
AUDIT_DECLARATION RevisionBell.rootEquation.eq_1
AUDIT_DECLARATION RevisionBell.rootLogExpression.eq_1
AUDIT_DECLARATION RevisionBell.tensorLinearMap._proof_1
AUDIT_DECLARATION RevisionBell.tensorLinearMap._proof_2
AUDIT_DECLARATION RevisionBell.tensorLinearMap.eq_1
AUDIT_DECLARATION RevisionBell.tensorMap.eq_1
AUDIT_DECLARATION RevisionBell.tensor_conjugate_bell_entry._proof_1
AUDIT_DECLARATION RevisionMain.antisymmetricNormalizedChannel._proof_1
AUDIT_DECLARATION RevisionMain.postprocessed_minimum_output_entropy_limit._proof_1
AUDIT_DECLARATION RevisionMain.theorem_I_1._proof_1
AUDIT_DECLARATION RevisionMain.theorem_I_1._proof_2
AUDIT_DECLARATION RevisionMain.theorem_I_1._proof_3
AUDIT_DECLARATION RevisionMain.theorem_I_1._proof_4
AUDIT_DECLARATION RevisionMain.theorem_V_1_single_asymptotics._proof_2
AUDIT_DECLARATION RevisionMatrixEntropy.conjugateUnitary._proof_1
AUDIT_DECLARATION RevisionMatrixEntropy.diagonalizationMap._proof_9
AUDIT_DECLARATION RevisionMatrixEntropy.minimumOutputEntropy.eq_1
AUDIT_DECLARATION RevisionMatrixEntropy.spectralTrace._proof_8
AUDIT_DECLARATION RevisionMatrixEntropy.spectralTrace.eq_1
AUDIT_DECLARATION RevisionMatrixEntropy.unitaryConjugateDiagonalHom._proof_2
AUDIT_DECLARATION RevisionMatrixEntropy.unitaryConjugateDiagonalHom._proof_3
AUDIT_DECLARATION RevisionMatrixEntropy.unitaryConjugateDiagonalHom._proof_4
AUDIT_DECLARATION RevisionMatrixEntropy.unitaryConjugateDiagonalHom._proof_5
AUDIT_DECLARATION RevisionMatrixEntropy.unitaryConjugateDiagonalHom._proof_6
AUDIT_DECLARATION RevisionMatrixEntropy.unitaryConjugateDiagonalHom._proof_7
AUDIT_DECLARATION RevisionMatrixEntropy.unitaryConjugateDiagonalHom.eq_1
AUDIT_DECLARATION RevisionMatrixEntropy.unitaryDiagonal.eq_1
AUDIT_DECLARATION RevisionOutput.contraction.eq_1
AUDIT_DECLARATION RevisionOutput.contraction_sub_scalar._proof_1
AUDIT_DECLARATION RevisionOutput.convex_Dset._proof_1
AUDIT_DECLARATION RevisionOutput.convex_Lam._proof_1
AUDIT_DECLARATION RevisionOutput.density_entry_norm_le_one._proof_1
AUDIT_DECLARATION RevisionOutput.diagonalBlocks.eq_1
AUDIT_DECLARATION RevisionOutput.doublyStochastic_mem_Dset._proof_1
AUDIT_DECLARATION RevisionOutput.doublyStochastic_mem_Lam._proof_1
AUDIT_DECLARATION RevisionOutput.eigenstate.eq_1
AUDIT_DECLARATION RevisionOutput.functionalMatrix.eq_1
AUDIT_DECLARATION RevisionOutput.hermitianFunctionalMatrix._proof_1
AUDIT_DECLARATION RevisionOutput.hermitianFunctionalMatrix.eq_1
AUDIT_DECLARATION RevisionOutput.hermitianTraceNorm.eq_1
AUDIT_DECLARATION RevisionOutput.isCompact_densityMatrices._proof_1
AUDIT_DECLARATION RevisionOutput.isCompact_spectralBody._proof_1
AUDIT_DECLARATION RevisionOutput.isCompact_spectralBody._proof_2
AUDIT_DECLARATION RevisionOutput.isCompact_spectralBody._proof_3
AUDIT_DECLARATION RevisionOutput.isCompact_spectralBody._proof_4
AUDIT_DECLARATION RevisionOutput.liftedOutputUnitary._proof_1
AUDIT_DECLARATION RevisionOutput.liftedOutputUnitary.eq_1
AUDIT_DECLARATION RevisionOutput.localConjugate.eq_1
AUDIT_DECLARATION RevisionOutput.local_channel_support_threshold._proof_1
AUDIT_DECLARATION RevisionOutput.matrix_entry_norm_le_traceNorm._proof_1
AUDIT_DECLARATION RevisionOutput.normalizedOutput.eq_1
AUDIT_DECLARATION RevisionOutput.re_trace_nonneg._proof_1
AUDIT_DECLARATION RevisionOutput.real_matrixUnit_expansion._proof_1
AUDIT_DECLARATION RevisionOutput.regularizeProjection.eq_1
AUDIT_DECLARATION RevisionOutput.spectralBody.eq_1
AUDIT_DECLARATION RevisionOutput.spectralBody_support_isGreatest._proof_1
AUDIT_DECLARATION RevisionOutput.spectralBody_support_isGreatest._proof_2
AUDIT_DECLARATION RevisionOutput.supportDistance._proof_1
AUDIT_DECLARATION RevisionOutput.traceB_local_cyclic._proof_1
AUDIT_DECLARATION RevisionOutput.traceDualMatrixCStarAlgebra._proof_1
AUDIT_DECLARATION RevisionOutput.traceDualMatrixCStarAlgebra._proof_2
AUDIT_DECLARATION RevisionOutput.traceDualMatrixCStarAlgebra._proof_3
AUDIT_DECLARATION RevisionOutput.trace_partialTrace_pairing._proof_1
AUDIT_DECLARATION RevisionOutput.unitaryConjugate.eq_1
AUDIT_DECLARATION RevisionOutput.unitaryWeights.eq_1
AUDIT_DECLARATION StrongConvergence.matrixCStarAlgebra._proof_1
AUDIT_DECLARATION StrongConvergence.matrixCStarAlgebra._proof_2
AUDIT_DECLARATION StrongConvergence.spikeMatrix._proof_2
AUDIT_DECLARATION StrongConvergence.spikeMatrix.eq_1
AUDIT_DECLARATION StrongConvergence.spikeProjection._proof_1
AUDIT_DECLARATION StrongConvergence.spikeProjection.eq_1
AUDIT_DECLARATION StrongConvergenceBlock.StarPolynomial._sizeOf_1
AUDIT_DECLARATION StrongConvergenceBlock.StarPolynomial._sizeOf_inst
AUDIT_DECLARATION StrongConvergenceBlock.StarPolynomial.add
AUDIT_DECLARATION StrongConvergenceBlock.StarPolynomial.adjoint
AUDIT_DECLARATION StrongConvergenceBlock.StarPolynomial.below
AUDIT_DECLARATION StrongConvergenceBlock.StarPolynomial.binductionOn
AUDIT_DECLARATION StrongConvergenceBlock.StarPolynomial.brecOn
AUDIT_DECLARATION StrongConvergenceBlock.StarPolynomial.casesOn
AUDIT_DECLARATION StrongConvergenceBlock.StarPolynomial.eval
AUDIT_DECLARATION StrongConvergenceBlock.StarPolynomial.eval_listSum
AUDIT_DECLARATION StrongConvergenceBlock.StarPolynomial.eval_power
AUDIT_DECLARATION StrongConvergenceBlock.StarPolynomial.eval_substitute
AUDIT_DECLARATION StrongConvergenceBlock.StarPolynomial.eval_sum
AUDIT_DECLARATION StrongConvergenceBlock.StarPolynomial.ibelow
AUDIT_DECLARATION StrongConvergenceBlock.StarPolynomial.listSum
AUDIT_DECLARATION StrongConvergenceBlock.StarPolynomial.map_eval
AUDIT_DECLARATION StrongConvergenceBlock.StarPolynomial.mul
AUDIT_DECLARATION StrongConvergenceBlock.StarPolynomial.noConfusion
AUDIT_DECLARATION StrongConvergenceBlock.StarPolynomial.noConfusionType
AUDIT_DECLARATION StrongConvergenceBlock.StarPolynomial.power
AUDIT_DECLARATION StrongConvergenceBlock.StarPolynomial.rec
AUDIT_DECLARATION StrongConvergenceBlock.StarPolynomial.recOn
AUDIT_DECLARATION StrongConvergenceBlock.StarPolynomial.scalar
AUDIT_DECLARATION StrongConvergenceBlock.StarPolynomial.substitute
AUDIT_DECLARATION StrongConvergenceBlock.StarPolynomial.sum
AUDIT_DECLARATION StrongConvergenceBlock.StarPolynomial.var
AUDIT_DECLARATION StrongConvergenceBlock.StronglyConverges.polynomial_map
AUDIT_DECLARATION StrongConvergenceBlock.amplify_eq_matrixUnit_polynomial._proof_1
AUDIT_DECLARATION StrongConvergenceBlock.blockVariables.eq_1
AUDIT_DECLARATION StrongConvergenceBlock.blockVariables.eq_2
AUDIT_DECLARATION StrongConvergenceBlock.blockVariables.match_1
AUDIT_DECLARATION StrongConvergenceBlock.compressionLimit.eq_1
AUDIT_DECLARATION StrongConvergenceBlock.matrixCStarAlgebra._proof_1
AUDIT_DECLARATION StrongConvergenceBlock.matrixCStarAlgebra._proof_2
AUDIT_DECLARATION StrongConvergenceBlock.matrixIdentityTensor._proof_3
AUDIT_DECLARATION StrongConvergenceBlock.matrixIdentityTensor._proof_4
AUDIT_DECLARATION StrongConvergenceBlock.matrixIdentityTensor._proof_5
AUDIT_DECLARATION StrongConvergenceBlock.matrixIdentityTensor._proof_6
AUDIT_DECLARATION StrongConvergenceBlock.matrixIdentityTensor._proof_7
AUDIT_DECLARATION StrongConvergenceBlock.matrixIdentityTensor._proof_8
AUDIT_DECLARATION StrongConvergenceBlock.matrixIdentityTensor.eq_1
AUDIT_DECLARATION StrongConvergenceBlock.tensorUnit.eq_1
AUDIT_DECLARATION StrongConvergenceBlock.tensorUnit_sandwich_entry._proof_1
AUDIT_DECLARATION StrongConvergenceMoments.empiricalMeasure._proof_1
AUDIT_DECLARATION StrongConvergenceMoments.empiricalMeasure.eq_1
AUDIT_DECLARATION StrongConvergenceMoments.empiricalSpectralMeasure.eq_1
AUDIT_DECLARATION StrongConvergenceMoments.trace_power_eq_sum_eigenvalues._proof_1
AUDIT_DECLARATION StrongConvergenceProbability.ae_countable_norm_upper_of_summable_high_moments._proof_1
AUDIT_DECLARATION StrongConvergenceProbability.ae_countable_tendsto_of_summable_deviations._proof_1
AUDIT_DECLARATION StrongConvergenceProbability.summable_deviations_of_second_moments._proof_1
AUDIT_DECLARATION _private.K182Numerics.0.ProjectionChannels.K182.log_alpha_scaled_bounds
AUDIT_DECLARATION _private.K182Numerics.0.ProjectionChannels.K182.log_beta_scaled_bounds
AUDIT_DECLARATION _private.K182Numerics.0.ProjectionChannels.K182.log_cutoff_scaled_bounds
AUDIT_DECLARATION _private.K182Numerics.0.ProjectionChannels.K182.log_dimension_scaled_bounds
AUDIT_DECLARATION _private.K182Numerics.0.ProjectionChannels.K182.log_half_bounds
AUDIT_DECLARATION _private.K182Numerics.0.ProjectionChannels.K182.log_mul_half_pow
AUDIT_DECLARATION _private.K182Numerics.0.ProjectionChannels.K182.log_rest_bounds
AUDIT_DECLARATION _private.RevisionLemmaC1.0.ProjectionChannels.RevisionK182.lemma_C1_parameters
AUDIT_DECLARATION _private.StrongConvergenceHaarSecondCompression.0.ProjectionChannels.Canonical.second_coefficients_normalized
AUDIT_DECLARATION ProjectionChannels.Canonical.ae_normalizedCompressionTrace_tendsto_all._proof_1
AUDIT_DECLARATION ProjectionChannels.Canonical.baseProjection.eq_1
AUDIT_DECLARATION ProjectionChannels.Canonical.compressionTraceCenter.eq_1
AUDIT_DECLARATION ProjectionChannels.Canonical.evaluation._proof_4
AUDIT_DECLARATION ProjectionChannels.Canonical.evaluation._proof_5
AUDIT_DECLARATION ProjectionChannels.Canonical.evaluation.eq_1
AUDIT_DECLARATION ProjectionChannels.Canonical.finiteEvaluation._proof_6
AUDIT_DECLARATION ProjectionChannels.Canonical.finiteEvaluation._proof_7
AUDIT_DECLARATION ProjectionChannels.Canonical.finiteEvaluation.eq_1
AUDIT_DECLARATION ProjectionChannels.Canonical.integral_compression_trace._proof_1
AUDIT_DECLARATION ProjectionChannels.Canonical.normalizedCompressionTrace.eq_1
AUDIT_DECLARATION ProjectionChannels.Canonical.normalizedCompressionTrace_basis_expansion._proof_1
AUDIT_DECLARATION ProjectionChannels.Canonical.normalizedCompressionTrace_variance_le._proof_1
AUDIT_DECLARATION ProjectionChannels.Canonical.normalized_second_moment_tendsto._proof_2
AUDIT_DECLARATION ProjectionChannels.Canonical.normalized_second_moment_tendsto._proof_3
AUDIT_DECLARATION ProjectionChannels.Canonical.normalized_second_moment_tendsto._proof_4
AUDIT_DECLARATION ProjectionChannels.Canonical.probability._proof_1
AUDIT_DECLARATION ProjectionChannels.Canonical.probability._proof_2
AUDIT_DECLARATION ProjectionChannels.Canonical.probability._proof_3
AUDIT_DECLARATION ProjectionChannels.Canonical.probability.eq_1
AUDIT_DECLARATION ProjectionChannels.Canonical.projection.eq_1
AUDIT_DECLARATION ProjectionChannels.HaarMoment.compression_covariance_sum._proof_2
AUDIT_DECLARATION ProjectionChannels.HaarMoment.compression_covariance_sum._proof_3
AUDIT_DECLARATION ProjectionChannels.HaarMoment.compression_covariance_sum._proof_4
AUDIT_DECLARATION ProjectionChannels.HaarMoment.compression_covariance_sum._proof_5
AUDIT_DECLARATION ProjectionChannels.HaarMoment.diagCross.eq_1
AUDIT_DECLARATION ProjectionChannels.HaarMoment.diagSecond.eq_1
AUDIT_DECLARATION ProjectionChannels.HaarMoment.entrySecond.eq_1
AUDIT_DECLARATION ProjectionChannels.HaarMoment.orbit.eq_1
AUDIT_DECLARATION ProjectionChannels.HaarMoment.pairMix.eq_1
AUDIT_DECLARATION ProjectionChannels.HaarMoment.pairMixUnitary._proof_1
AUDIT_DECLARATION ProjectionChannels.HaarMoment.pairMixUnitary._proof_2
AUDIT_DECLARATION ProjectionChannels.HaarMoment.pairMix_isHermitian._proof_1
AUDIT_DECLARATION ProjectionChannels.HaarMoment.pairMix_mul_apply._proof_1
AUDIT_DECLARATION ProjectionChannels.HaarMoment.pairMix_right_i._proof_3
AUDIT_DECLARATION ProjectionChannels.HaarMoment.pairMix_right_j._proof_3
AUDIT_DECLARATION ProjectionChannels.HaarMoment.pairMix_row_i._proof_1
AUDIT_DECLARATION ProjectionChannels.HaarMoment.pairMix_row_j._proof_1
AUDIT_DECLARATION ProjectionChannels.HaarMoment.signFlip.eq_1
AUDIT_DECLARATION ProjectionChannels.HaarMoment.signFlipUnitary._proof_1
AUDIT_DECLARATION ProjectionChannels.HaarMoment.signFlipUnitary.eq_1
AUDIT_DECLARATION ProjectionChannels.HaarMoment.sum_diagCross_row._proof_1
AUDIT_DECLARATION ProjectionChannels.HaarMoment.weighted_diagonal_centering._proof_1
AUDIT_DECLARATION ProjectionChannels.HaarVarianceAlgebra.exchangeable_quadratic._proof_1
AUDIT_DECLARATION ProjectionChannels.HaarVarianceAlgebra.exchangeable_quadratic._proof_2
AUDIT_DECLARATION ProjectionChannels.HaarVarianceAlgebra.exchangeable_quadratic._proof_3
AUDIT_DECLARATION ProjectionChannels.HaarVarianceAlgebra.row_identity_of_fixed_sum._proof_1
AUDIT_DECLARATION ProjectionChannels.IsBernoulliFreeSumLaw.mk._flat_ctor
AUDIT_DECLARATION ProjectionChannels.K182.L._proof_3
AUDIT_DECLARATION ProjectionChannels.K182.L._proof_4
AUDIT_DECLARATION ProjectionChannels.K182.L.eq_1
AUDIT_DECLARATION ProjectionChannels.K182.bellAlpha.eq_1
AUDIT_DECLARATION ProjectionChannels.K182.bellBeta.eq_1
AUDIT_DECLARATION ProjectionChannels.K182.bellMixing._proof_5
AUDIT_DECLARATION ProjectionChannels.K182.bellMixing.eq_1
AUDIT_DECLARATION ProjectionChannels.K182.cutoff._proof_1
AUDIT_DECLARATION ProjectionChannels.K182.cutoff._proof_2
AUDIT_DECLARATION ProjectionChannels.K182.cutoff.eq_1
AUDIT_DECLARATION ProjectionChannels.K182.density._proof_3
AUDIT_DECLARATION ProjectionChannels.K182.density._proof_4
AUDIT_DECLARATION ProjectionChannels.K182.density.eq_1
AUDIT_DECLARATION ProjectionChannels.K182.entropyLower._proof_6
AUDIT_DECLARATION ProjectionChannels.K182.entropyLower.eq_1
AUDIT_DECLARATION ProjectionChannels.K182.normalizedFeasible._proof_1
AUDIT_DECLARATION ProjectionChannels.K182.q._proof_7
AUDIT_DECLARATION ProjectionChannels.K182.q._proof_8
AUDIT_DECLARATION ProjectionChannels.K182.t._proof_1
AUDIT_DECLARATION ProjectionChannels.K182.t._proof_2
AUDIT_DECLARATION ProjectionChannels.K182.t.eq_1
AUDIT_DECLARATION ProjectionChannels.K182.z._proof_5
AUDIT_DECLARATION ProjectionChannels.K182.z._proof_6
AUDIT_DECLARATION ProjectionChannels.K182.z.eq_1
AUDIT_DECLARATION ProjectionChannels.RevisionK182.birthCurve.eq_1
AUDIT_DECLARATION ProjectionChannels.RevisionK182.costCurvature.eq_1
AUDIT_DECLARATION ProjectionChannels.RevisionK182.costSum.eq_1
AUDIT_DECLARATION ProjectionChannels.RevisionK182.cost_scaled_quartic_derivative_zero._proof_1
AUDIT_DECLARATION ProjectionChannels.RevisionK182.curveCostSlope.eq_1
AUDIT_DECLARATION ProjectionChannels.RevisionK182.curveEntropySlope.eq_1
AUDIT_DECLARATION ProjectionChannels.RevisionK182.curveLogSlope.eq_1
AUDIT_DECLARATION ProjectionChannels.RevisionK182.exists_feasible_entropy_lt_log._proof_1
AUDIT_DECLARATION ProjectionChannels.RevisionK182.exists_feasible_entropy_lt_log._proof_2
AUDIT_DECLARATION ProjectionChannels.RevisionK182.feasible_minimum_nonconstant._proof_1
AUDIT_DECLARATION ProjectionChannels.RevisionK182.finiteShannon_le_oneHighEntropy._proof_1
AUDIT_DECLARATION ProjectionChannels.RevisionK182.finiteShannon_le_oneHighEntropy._proof_2
AUDIT_DECLARATION ProjectionChannels.RevisionK182.hasStrictDerivAt_cost._proof_4
AUDIT_DECLARATION ProjectionChannels.RevisionK182.hasStrictFDerivAt_normalizedEntropy._proof_4
AUDIT_DECLARATION ProjectionChannels.RevisionK182.hasStrictFDerivAt_normalizedEntropy._proof_5
AUDIT_DECLARATION ProjectionChannels.RevisionK182.high_coordinate_unique._proof_1
AUDIT_DECLARATION ProjectionChannels.RevisionK182.high_coordinate_unique._proof_2
AUDIT_DECLARATION ProjectionChannels.RevisionK182.logMoment.eq_1
AUDIT_DECLARATION ProjectionChannels.RevisionK182.mass.eq_1
AUDIT_DECLARATION ProjectionChannels.RevisionK182.normalization_one_high._proof_1
AUDIT_DECLARATION ProjectionChannels.RevisionK182.normalization_one_high._proof_2
AUDIT_DECLARATION ProjectionChannels.RevisionK182.normalizedBody.eq_1
AUDIT_DECLARATION ProjectionChannels.RevisionK182.normalizedEntropy.eq_1
AUDIT_DECLARATION ProjectionChannels.RevisionK182.parabola.eq_1
AUDIT_DECLARATION ProjectionChannels.RevisionK182.parabolaSlope._proof_1
AUDIT_DECLARATION ProjectionChannels.RevisionK182.parabolaSlope.eq_1
AUDIT_DECLARATION ProjectionChannels.RevisionK182.quartic_log_derivative._proof_1
AUDIT_DECLARATION ProjectionChannels.RevisionK182.stationarySlope._proof_1
AUDIT_DECLARATION ProjectionChannels.RevisionK182.sum_birthCurve._proof_1
AUDIT_DECLARATION ProjectionChannels.RevisionK182.transferDirection.eq_1
AUDIT_DECLARATION ProjectionChannels.RevisionK182.weightedSum._proof_1
AUDIT_DECLARATION ProjectionChannels.RevisionK182.weightedSum._proof_2
AUDIT_DECLARATION ProjectionChannels.RevisionK182.weightedSum._proof_3
AUDIT_DECLARATION ProjectionChannels.RevisionK182.weightedSum.eq_1
AUDIT_DECLARATION ProjectionChannels.ScalarStrong.canonical_projection_affine_norm_eventually._proof_1
AUDIT_DECLARATION ProjectionChannels.ScalarStrong.localConjugate_one_output._proof_3
AUDIT_DECLARATION ProjectionChannels.ScalarStrong.scalarStrongMatrixCStarAlgebra._proof_1
AUDIT_DECLARATION ProjectionChannels.ScalarStrong.scalarStrongMatrixCStarAlgebra._proof_2
AUDIT_DECLARATION StrongConvergenceBlock.StarPolynomial.add.inj
AUDIT_DECLARATION StrongConvergenceBlock.StarPolynomial.add.injEq
AUDIT_DECLARATION StrongConvergenceBlock.StarPolynomial.add.sizeOf_spec
AUDIT_DECLARATION StrongConvergenceBlock.StarPolynomial.adjoint.inj
AUDIT_DECLARATION StrongConvergenceBlock.StarPolynomial.adjoint.injEq
AUDIT_DECLARATION StrongConvergenceBlock.StarPolynomial.adjoint.sizeOf_spec
AUDIT_DECLARATION StrongConvergenceBlock.StarPolynomial.eval._sunfold
AUDIT_DECLARATION StrongConvergenceBlock.StarPolynomial.eval._unsafe_rec
AUDIT_DECLARATION StrongConvergenceBlock.StarPolynomial.eval.eq_1
AUDIT_DECLARATION StrongConvergenceBlock.StarPolynomial.eval.eq_2
AUDIT_DECLARATION StrongConvergenceBlock.StarPolynomial.eval.eq_3
AUDIT_DECLARATION StrongConvergenceBlock.StarPolynomial.eval.eq_4
AUDIT_DECLARATION StrongConvergenceBlock.StarPolynomial.eval.eq_5
AUDIT_DECLARATION StrongConvergenceBlock.StarPolynomial.eval.match_1
AUDIT_DECLARATION StrongConvergenceBlock.StarPolynomial.listSum.eq_1
AUDIT_DECLARATION StrongConvergenceBlock.StarPolynomial.mul.inj
AUDIT_DECLARATION StrongConvergenceBlock.StarPolynomial.mul.injEq
AUDIT_DECLARATION StrongConvergenceBlock.StarPolynomial.mul.sizeOf_spec
AUDIT_DECLARATION StrongConvergenceBlock.StarPolynomial.power._sunfold
AUDIT_DECLARATION StrongConvergenceBlock.StarPolynomial.power._unsafe_rec
AUDIT_DECLARATION StrongConvergenceBlock.StarPolynomial.power.eq_1
AUDIT_DECLARATION StrongConvergenceBlock.StarPolynomial.power.eq_2
AUDIT_DECLARATION StrongConvergenceBlock.StarPolynomial.power.match_1
AUDIT_DECLARATION StrongConvergenceBlock.StarPolynomial.scalar.inj
AUDIT_DECLARATION StrongConvergenceBlock.StarPolynomial.scalar.injEq
AUDIT_DECLARATION StrongConvergenceBlock.StarPolynomial.scalar.sizeOf_spec
AUDIT_DECLARATION StrongConvergenceBlock.StarPolynomial.substitute._sunfold
AUDIT_DECLARATION StrongConvergenceBlock.StarPolynomial.substitute._unsafe_rec
AUDIT_DECLARATION StrongConvergenceBlock.StarPolynomial.substitute.eq_1
AUDIT_DECLARATION StrongConvergenceBlock.StarPolynomial.substitute.eq_2
AUDIT_DECLARATION StrongConvergenceBlock.StarPolynomial.substitute.eq_3
AUDIT_DECLARATION StrongConvergenceBlock.StarPolynomial.substitute.eq_4
AUDIT_DECLARATION StrongConvergenceBlock.StarPolynomial.substitute.eq_5
AUDIT_DECLARATION StrongConvergenceBlock.StarPolynomial.sum.eq_1
AUDIT_DECLARATION StrongConvergenceBlock.StarPolynomial.var.inj
AUDIT_DECLARATION StrongConvergenceBlock.StarPolynomial.var.injEq
AUDIT_DECLARATION StrongConvergenceBlock.StarPolynomial.var.sizeOf_spec
AUDIT_DECLARATION _private.RevisionLemmaC1.0.ProjectionChannels.RevisionK182.lemma_C1_parameters._proof_1
AUDIT_DECLARATION _private.RevisionLemmaC1.0.ProjectionChannels.RevisionK182.lemma_C1_parameters._proof_2
AUDIT_DECLARATION _private.StrongConvergenceBlockModification.0.StrongConvergenceBlock.blockVariables.match_1.eq_1
AUDIT_DECLARATION _private.StrongConvergenceBlockModification.0.StrongConvergenceBlock.blockVariables.match_1.eq_2
AUDIT_DECLARATION _private.StrongConvergenceBlockModification.0.StrongConvergenceBlock.blockVariables.match_1.splitter
AUDIT_DECLARATION _private.StrongConvergenceBlockCompression.0.StrongConvergenceBlock.StarPolynomial.power.match_1.eq_1
AUDIT_DECLARATION _private.StrongConvergenceBlockCompression.0.StrongConvergenceBlock.StarPolynomial.power.match_1.eq_2
AUDIT_DECLARATION _private.StrongConvergenceBlockCompression.0.StrongConvergenceBlock.StarPolynomial.power.match_1.splitter
AUDIT_DECLARATION _private.StrongConvergenceBlockPolynomials.0.StrongConvergenceBlock.StarPolynomial.eval.match_1.eq_1
AUDIT_DECLARATION _private.StrongConvergenceBlockPolynomials.0.StrongConvergenceBlock.StarPolynomial.eval.match_1.eq_2
AUDIT_DECLARATION _private.StrongConvergenceBlockPolynomials.0.StrongConvergenceBlock.StarPolynomial.eval.match_1.eq_3
AUDIT_DECLARATION _private.StrongConvergenceBlockPolynomials.0.StrongConvergenceBlock.StarPolynomial.eval.match_1.eq_4
AUDIT_DECLARATION _private.StrongConvergenceBlockPolynomials.0.StrongConvergenceBlock.StarPolynomial.eval.match_1.eq_5
AUDIT_DECLARATION _private.StrongConvergenceBlockPolynomials.0.StrongConvergenceBlock.StarPolynomial.eval.match_1.splitter
TRANSITIVE AXIOMS: [propext, Classical.choice, Quot.sound]
PROJECT LOGICAL AXIOMS: []
AUDITED DECLARATIONS: 2629
AUDITED THEOREMS: 2282
Aggregate audit passed
